,0.0,1.0,accuracy,macro avg,weighted avg
f1-score,0.617283950617284,0.6324110671936759,0.625,0.6248475089054799,0.62480938613185
precision,0.6335797254487856,0.6171648987463838,0.625,0.6253723120975847,0.6254136801084275
recall,0.6018054162487463,0.6484295845997974,0.625,0.6251175004242718,0.625
support,997.0,987.0,0.625,1984.0,1984.0
