,0.0,1.0,accuracy,macro avg,weighted avg
f1-score,0.6528105810108644,0.6029173419773095,0.6295362903225806,0.627863961494087,0.6278136658902225
precision,0.6131322094055013,0.6511085180863477,0.6295362903225806,0.6321203637459245,0.6321586463151593
recall,0.697979797979798,0.5613682092555332,0.6295362903225806,0.6296740036176656,0.6295362903225806
support,990.0,994.0,0.6295362903225806,1984.0,1984.0
