,0.0,1.0,accuracy,macro avg,weighted avg
f1-score,0.7286356821589206,0.7239450940518556,0.7263104838709677,0.7262903881053882,0.726290388105388
precision,0.7224975222993062,0.7302564102564103,0.7263104838709677,0.7263769662778583,0.7263769662778582
recall,0.7348790322580645,0.717741935483871,0.7263104838709677,0.7263104838709677,0.7263104838709677
support,992.0,992.0,0.7263104838709677,1984.0,1984.0
