,0.0,1.0,accuracy,macro avg,weighted avg
f1-score,0.7189610389610389,0.7351933431228586,0.7273185483870968,0.7270771910419487,0.727085372646869
precision,0.7408993576017131,0.7152380952380952,0.7273185483870968,0.7280687264199042,0.7280557923158902
recall,0.698284561049445,0.756294058408862,0.7273185483870968,0.7272893097291535,0.7273185483870968
support,991.0,993.0,0.7273185483870968,1984.0,1984.0
