,0.0,1.0,accuracy,macro avg,weighted avg
f1-score,0.6666666666666667,0.7207040296433534,0.6960685483870968,0.69368534815501,0.693712584729091
precision,0.7371638141809291,0.6672384219554031,0.6960685483870968,0.7022011180681661,0.7021658734148266
recall,0.6084762865792129,0.783484390735146,0.6960685483870968,0.6959803386571795,0.6960685483870968
support,991.0,993.0,0.6960685483870968,1984.0,1984.0
