,0.0,1.0,accuracy,macro avg,weighted avg
f1-score,0.6907059421025902,0.6953476738369184,0.6930443548387096,0.6930268079697544,0.6930291475522816
precision,0.6952965235173824,0.6908548707753479,0.6930443548387096,0.6930756971463652,0.693073458410104
recall,0.686175580221998,0.6998992950654582,0.6930443548387096,0.693037437643728,0.6930443548387096
support,991.0,993.0,0.6930443548387096,1984.0,1984.0
