,0.0,1.0,accuracy,macro avg,weighted avg
f1-score,0.5944170771756979,0.6539000467071462,0.6265120967741935,0.624158561941422,0.62424850594777
precision,0.6479713603818615,0.6108202443280978,0.6265120967741935,0.6293958023549797,0.6293396262722372
recall,0.5490394337714863,0.7035175879396985,0.6265120967741935,0.6262785108555924,0.6265120967741935
support,989.0,995.0,0.6265120967741935,1984.0,1984.0
