,0.0,1.0,accuracy,macro avg,weighted avg
f1-score,0.6010810810810812,0.6515580736543909,0.6280241935483871,0.626319577367736,0.6262941353351891
precision,0.6487747957992999,0.6122448979591837,0.6280241935483871,0.6305098468792418,0.630528259126137
recall,0.5599194360523666,0.6962663975782039,0.6280241935483871,0.6280929168152852,0.6280241935483871
support,993.0,991.0,0.6280241935483871,1984.0,1984.0
