,0.0,1.0,accuracy,macro avg,weighted avg
f1-score,0.6487542745481192,0.6257157730348777,0.6376008064516129,0.6372350237914984,0.6372350237914984
precision,0.6293838862559241,0.6469321851453176,0.6376008064516129,0.6381580357006209,0.6381580357006209
recall,0.6693548387096774,0.6058467741935484,0.6376008064516129,0.6376008064516129,0.6376008064516129
support,992.0,992.0,0.6376008064516129,1984.0,1984.0
