,0.0,1.0,accuracy,macro avg,weighted avg
f1-score,0.5671812464265295,0.6588553402433528,0.6184475806451613,0.6130182933349411,0.6131569134364787
precision,0.6526315789473685,0.5972222222222222,0.6184475806451613,0.6249269005847953,0.624843116275231
recall,0.5015166835187057,0.7346733668341708,0.6184475806451613,0.6180950251764383,0.6184475806451613
support,989.0,995.0,0.6184475806451613,1984.0,1984.0
