,0.0,1.0,accuracy,macro avg,weighted avg
f1-score,0.7883358471593765,0.787266296109146,0.7878024193548387,0.7878010716342613,0.7878026888989541
precision,0.7887323943661971,0.7868686868686868,0.7878024193548387,0.787800540617442,0.7878033587235369
recall,0.7879396984924623,0.7876643073811931,0.7878024193548387,0.7878020029368277,0.7878024193548387
support,995.0,989.0,0.7878024193548387,1984.0,1984.0
