,0.0,1.0,accuracy,macro avg,weighted avg
f1-score,0.8516003879728419,0.8394543546694649,0.8457661290322581,0.8455273713211534,0.8455151273359686
precision,0.8190298507462687,0.8771929824561403,0.8457661290322581,0.8481114166012045,0.8481700487904282
recall,0.8868686868686869,0.8048289738430584,0.8457661290322581,0.8458488303558727,0.8457661290322581
support,990.0,994.0,0.8457661290322581,1984.0,1984.0
