,0.0,1.0,accuracy,macro avg,weighted avg
f1-score,0.9089984748347738,0.9105447276361819,0.9097782258064516,0.9097716012354778,0.9097716012354777
precision,0.916923076923077,0.9028741328047571,0.9097782258064516,0.909898604863917,0.9098986048639169
recall,0.9012096774193549,0.9183467741935484,0.9097782258064516,0.9097782258064516,0.9097782258064516
support,992.0,992.0,0.9097782258064516,1984.0,1984.0
