,0.0,1.0,accuracy,macro avg,weighted avg
f1-score,0.7890665291387313,0.7984228684080827,0.7938508064516129,0.793744698773407,0.7937305510829796
precision,0.8103813559322034,0.7788461538461539,0.7938508064516129,0.7946137548891786,0.7946614391665264
recall,0.7688442211055276,0.8190091001011123,0.7938508064516129,0.79392666060332,0.7938508064516129
support,995.0,989.0,0.7938508064516129,1984.0,1984.0
