,0.0,1.0,accuracy,macro avg,weighted avg
f1-score,0.6945701357466064,0.7545454545454546,0.7278225806451613,0.7245577951460305,0.7244973361553059
precision,0.7932816537467701,0.6859504132231405,0.7278225806451613,0.7396160334849553,0.7397242302999992
recall,0.6177062374245473,0.8383838383838383,0.7278225806451613,0.7280450379041928,0.7278225806451613
support,994.0,990.0,0.7278225806451613,1984.0,1984.0
