,0.0,1.0,accuracy,macro avg,weighted avg
f1-score,0.9526209677419355,0.9526209677419355,0.9526209677419355,0.9526209677419355,0.9526209677419355
precision,0.9535822401614531,0.9516616314199395,0.9526209677419355,0.9526219357906963,0.9526229038394572
recall,0.9516616314199395,0.9535822401614531,0.9526209677419355,0.9526219357906963,0.9526209677419355
support,993.0,991.0,0.9526209677419355,1984.0,1984.0
