,0.0,1.0,accuracy,macro avg,weighted avg
f1-score,0.6791595684270301,0.7439963751699139,0.7152217741935484,0.711577971798472,0.7116760113247969
precision,0.7746113989637305,0.6773927392739274,0.7152217741935484,0.7260020691188289,0.7258550650971206
recall,0.6046511627906976,0.8251256281407036,0.7152217741935484,0.7148883954657006,0.7152217741935484
support,989.0,995.0,0.7152217741935484,1984.0,1984.0
