,0.0,1.0,accuracy,macro avg,weighted avg
f1-score,0.8933912204534492,0.883377308707124,0.8886088709677419,0.8883842645802866,0.8883943592493858
precision,0.8582020389249305,0.9248618784530387,0.8886088709677419,0.8915319586889846,0.8914647612701053
recall,0.93158953722334,0.8454545454545455,0.8886088709677419,0.8885220413389427,0.8886088709677419
support,994.0,990.0,0.8886088709677419,1984.0,1984.0
