,0.0,1.0,accuracy,macro avg,weighted avg
f1-score,0.9006211180124224,0.9056974459724952,0.9032258064516129,0.9031592819924588,0.9031516060933256
precision,0.928495197438634,0.8806112702960841,0.9032258064516129,0.904553233867359,0.904625638999127
recall,0.8743718592964824,0.9322548028311426,0.9032258064516129,0.9033133310638125,0.9032258064516129
support,995.0,989.0,0.9032258064516129,1984.0,1984.0
