,0.0,1.0,accuracy,macro avg,weighted avg
f1-score,0.899737532808399,0.9074163839069317,0.9037298387096774,0.9035769583576654,0.903588569523641
precision,0.9355895196506551,0.8764044943820225,0.9037298387096774,0.9059970070163388,0.9059075135305495
recall,0.8665318503538928,0.9407035175879397,0.9037298387096774,0.9036176839709162,0.9037298387096774
support,989.0,995.0,0.9037298387096774,1984.0,1984.0
