,0.0,1.0,accuracy,macro avg,weighted avg
f1-score,0.775226908702616,0.7990453460620525,0.7878024193548387,0.7871361273823343,0.7871361273823342
precision,0.8240635641316686,0.7588395285584769,0.7878024193548387,0.7914515463450728,0.7914515463450728
recall,0.7318548387096774,0.84375,0.7878024193548387,0.7878024193548387,0.7878024193548387
support,992.0,992.0,0.7878024193548387,1984.0,1984.0
