,0.0,1.0,accuracy,macro avg,weighted avg
f1-score,0.7970223325062035,0.7905785970302099,0.7938508064516129,0.7938004647682066,0.7938069604692913
precision,0.7864838393731636,0.8016614745586709,0.7938508064516129,0.7940726569659172,0.794057356930448
recall,0.8078470824949698,0.7797979797979798,0.7938508064516129,0.7938225311464748,0.7938508064516129
support,994.0,990.0,0.7938508064516129,1984.0,1984.0
