,0.0,1.0,accuracy,macro avg,weighted avg
f1-score,0.9156118143459915,0.9227799227799228,0.9193548387096774,0.9191958685629571,0.9191994815208372
precision,0.9591160220994475,0.8860055607043559,0.9193548387096774,0.9225607914019016,0.9225239413709566
recall,0.875882946518668,0.9627391742195368,0.9193548387096774,0.9193110603691024,0.9193548387096774
support,991.0,993.0,0.9193548387096774,1984.0,1984.0
