,0.0,1.0,accuracy,macro avg,weighted avg
f1-score,0.9321175278622087,0.9327983951855566,0.9324596774193549,0.9324579615238826,0.9324579615238827
precision,0.9368635437881874,0.9281437125748503,0.9324596774193549,0.9325036281815189,0.9325036281815188
recall,0.9274193548387096,0.9375,0.9324596774193549,0.9324596774193548,0.9324596774193549
support,992.0,992.0,0.9324596774193549,1984.0,1984.0
