,0.0,1.0,accuracy,macro avg,weighted avg
f1-score,0.9166235111341274,0.9209621993127148,0.9188508064516129,0.9187928552234211,0.9187972289010204
precision,0.9404888416578109,0.8993288590604027,0.9188508064516129,0.9199088503591069,0.9198673584411658
recall,0.8939393939393939,0.9436619718309859,0.9188508064516129,0.9188006828851899,0.9188508064516129
support,990.0,994.0,0.9188508064516129,1984.0,1984.0
