,0.0,1.0,accuracy,macro avg,weighted avg
f1-score,0.9036085022244191,0.8997429305912596,0.9017137096774194,0.9016757164078394,0.9016776647806384
precision,0.887378640776699,0.9171907756813418,0.9017137096774194,0.9022847082290204,0.9022696819513467
recall,0.9204431017119838,0.8829465186680121,0.9017137096774194,0.901694810189998,0.9017137096774194
support,993.0,991.0,0.9017137096774194,1984.0,1984.0
