,0.0,1.0,accuracy,macro avg,weighted avg
f1-score,0.8758512310110005,0.8848955803788248,0.8805443548387096,0.8803734056949126,0.8803642884072435
precision,0.9136612021857924,0.852198316183349,0.8805443548387096,0.8829297591845706,0.8829917177390086
recall,0.8410462776659959,0.9202020202020202,0.8805443548387096,0.8806241489340081,0.8805443548387096
support,994.0,990.0,0.8805443548387096,1984.0,1984.0
