{"loss": [0.7270071506500244, 0.42222946882247925, 0.3664036691188812, 0.3315204679965973, 0.30414822697639465, 0.2700033485889435, 0.24900132417678833], "accuracy": [0.7253124713897705, 0.8162500262260437, 0.8432812690734863, 0.8575000166893005, 0.8706250190734863, 0.8868749737739563, 0.8982812762260437], "val_loss": [0.4356946647167206, 0.5811905860900879, 0.3742801547050476, 0.3711220920085907, 0.3878086507320404, 0.485103577375412, 0.38184699416160583], "val_accuracy": [0.8187500238418579, 0.7281249761581421, 0.8399999737739563, 0.8418750166893005, 0.8368750214576721, 0.7887499928474426, 0.8487499952316284]}