{"loss": [0.8526667952537537, 0.5789330005645752, 0.5265235304832458, 0.48568347096443176, 0.44113075733184814, 0.41196632385253906, 0.37753599882125854], "accuracy": [0.6535937786102295, 0.7054687738418579, 0.7395312786102295, 0.7637500166893005, 0.7910937666893005, 0.8098437786102295, 0.8274999856948853], "val_loss": [0.5857688784599304, 0.5886873602867126, 0.6720547676086426, 0.5632239580154419, 0.6284706592559814, 0.565888524055481, 0.674235463142395], "val_accuracy": [0.6887500286102295, 0.7237499952316284, 0.6443750262260437, 0.7443749904632568, 0.6987500190734863, 0.7543749809265137, 0.6793749928474426]}