{"loss": [0.9935801029205322, 0.7015584707260132, 0.6059237718582153, 0.5672513842582703, 0.532131552696228, 0.4892083704471588], "accuracy": [0.5776562690734863, 0.6364062428474426, 0.6889062523841858, 0.7046874761581421, 0.7310937643051147, 0.7565624713897705], "val_loss": [0.8975143432617188, 0.6180610656738281, 0.6117227673530579, 0.761343777179718, 0.6575650572776794, 0.7246065735816956], "val_accuracy": [0.5837500095367432, 0.6668750047683716, 0.6706249713897705, 0.5737500190734863, 0.6193749904632568, 0.6462500095367432]}