{"loss": [0.7224786877632141, 0.406132310628891, 0.3633342981338501, 0.3294140696525574, 0.2880507707595825, 0.2605074644088745], "accuracy": [0.727343738079071, 0.8196874856948853, 0.8373437523841858, 0.8607812523841858, 0.8768749833106995, 0.8876562714576721], "val_loss": [0.5042909383773804, 0.41657230257987976, 0.36822035908699036, 0.3711887001991272, 0.4858053922653198, 0.40785855054855347], "val_accuracy": [0.7699999809265137, 0.7962499856948853, 0.8362500071525574, 0.8374999761581421, 0.800000011920929, 0.8424999713897705]}