{"loss": [0.8691275715827942, 0.6269121170043945, 0.574561357498169, 0.5322049260139465, 0.49415823817253113, 0.4477390646934509, 0.42671751976013184], "accuracy": [0.6059374809265137, 0.660937488079071, 0.6928125023841858, 0.7259374856948853, 0.7484375238418579, 0.7854687571525574, 0.789843738079071], "val_loss": [0.6145520806312561, 0.6624376177787781, 0.6224402189254761, 0.5854602456092834, 0.7817897200584412, 0.7777246832847595, 0.6827739477157593], "val_accuracy": [0.6606249809265137, 0.6150000095367432, 0.6949999928474426, 0.6956250071525574, 0.6412500143051147, 0.6512500047683716, 0.6818749904632568]}