{"loss": [0.8110066056251526, 0.41709819436073303, 0.3564821481704712, 0.33045879006385803, 0.2854420244693756, 0.24022656679153442, 0.20884232223033905, 0.17908789217472076], "accuracy": [0.7143750190734863, 0.8103125095367432, 0.83984375, 0.858593761920929, 0.8778125047683716, 0.9018750190734863, 0.9135937690734863, 0.9281250238418579], "val_loss": [0.6372618079185486, 0.36306217312812805, 0.37635213136672974, 0.38139811158180237, 0.35361212491989136, 0.5084471702575684, 0.3550213873386383, 0.37408143281936646], "val_accuracy": [0.6800000071525574, 0.8349999785423279, 0.8368750214576721, 0.8262500166893005, 0.8487499952316284, 0.8043749928474426, 0.846875011920929, 0.8337500095367432]}