{"loss": [0.9853704571723938, 0.6382473707199097, 0.606606662273407, 0.5696464776992798], "accuracy": [0.546875, 0.6285937428474426, 0.6685937643051147, 0.7032812237739563], "val_loss": [0.6503698825836182, 0.654757022857666, 0.699808657169342, 0.6786932349205017], "val_accuracy": [0.6175000071525574, 0.6268749833106995, 0.5793750286102295, 0.6162499785423279]}