{"loss": [1.086533546447754, 0.6600854992866516, 0.6064275503158569, 0.5518340468406677, 0.525657057762146, 0.48763835430145264], "accuracy": [0.5685937404632568, 0.6467187404632568, 0.6845312714576721, 0.7139062285423279, 0.7362499833106995, 0.7612500190734863], "val_loss": [0.7176727056503296, 0.6067330837249756, 0.6018341779708862, 0.6425049304962158, 0.6927735805511475, 0.6484028697013855], "val_accuracy": [0.6118749976158142, 0.6668750047683716, 0.6962500214576721, 0.6756250262260437, 0.668749988079071, 0.659375011920929]}