{"loss": [0.6240447163581848, 0.33984196186065674, 0.2672409117221832, 0.2257496863603592, 0.18762370944023132], "accuracy": [0.7649999856948853, 0.8520312309265137, 0.8870312571525574, 0.9092187285423279, 0.9273437261581421], "val_loss": [0.3435976803302765, 0.2573126554489136, 0.391399621963501, 0.2868883013725281, 0.5053267478942871], "val_accuracy": [0.8612499833106995, 0.8931249976158142, 0.8393750190734863, 0.8856250047683716, 0.8056250214576721]}