{"loss": [0.9803230166435242, 0.6106528043746948, 0.5427355766296387, 0.49237194657325745, 0.45348748564720154, 0.4120407998561859, 0.3868706524372101, 0.34658801555633545, 0.31730809807777405, 0.27549657225608826], "accuracy": [0.6001562476158142, 0.682812511920929, 0.7406250238418579, 0.7598437666893005, 0.7848437428474426, 0.811718761920929, 0.8221874833106995, 0.8417187333106995, 0.8609374761581421, 0.8795312643051147], "val_loss": [0.8483262658119202, 0.5747417211532593, 0.5491088032722473, 0.5486471652984619, 0.62113356590271, 0.6247571706771851, 0.5387836694717407, 0.6659631133079529, 0.7258226871490479, 0.5878047943115234], "val_accuracy": [0.5724999904632568, 0.7149999737739563, 0.7193750143051147, 0.7225000262260437, 0.668749988079071, 0.6918749809265137, 0.7281249761581421, 0.6825000047683716, 0.6924999952316284, 0.731249988079071]}