{"loss": [1.5783014297485352, 0.3215892016887665, 0.1287306696176529, 0.055319324135780334], "accuracy": [0.7145312428474426, 0.867968738079071, 0.953125, 0.9820312261581421], "val_loss": [0.5871533155441284, 0.8403669595718384, 0.9313631653785706, 1.191828727722168], "val_accuracy": [0.7450000047683716, 0.7418749928474426, 0.7387499809265137, 0.7431250214576721]}