{"loss": [0.8347562551498413, 0.06535611301660538, 0.009418993256986141, 0.005045162979513407], "accuracy": [0.9084374904632568, 0.983593761920929, 0.9973437786102295, 0.9990624785423279], "val_loss": [0.2136017382144928, 0.3953206241130829, 0.280146062374115, 0.2915728688240051], "val_accuracy": [0.9581249952316284, 0.934374988079071, 0.9612500071525574, 0.9606249928474426]}