{"loss": [1.7411614656448364, 0.40265196561813354, 0.16501237452030182, 0.06292418390512466], "accuracy": [0.6221874952316284, 0.8223437666893005, 0.9337499737739563, 0.9825000166893005], "val_loss": [0.6068094372749329, 0.7203167080879211, 0.8977696895599365, 0.9774321913719177], "val_accuracy": [0.6806250214576721, 0.7162500023841858, 0.6931250095367432, 0.7181249856948853]}