{"loss": [1.2381243705749512, 0.2191697508096695, 0.06488208472728729, 0.02415371872484684], "accuracy": [0.7918750047683716, 0.9235937595367432, 0.9784374833106995, 0.9910937547683716], "val_loss": [0.47947198152542114, 0.498541921377182, 0.566209614276886, 0.6545993089675903], "val_accuracy": [0.846875011920929, 0.8700000047683716, 0.871874988079071, 0.8743749856948853]}