{"loss": [1.716076374053955, 0.30753907561302185, 0.10924670845270157, 0.05303503945469856], "accuracy": [0.6712499856948853, 0.871874988079071, 0.9607812762260437, 0.985156238079071], "val_loss": [0.611335277557373, 0.6746652126312256, 0.7725203633308411, 0.8295323252677917], "val_accuracy": [0.7112500071525574, 0.7518749833106995, 0.7599999904632568, 0.7749999761581421]}