{"loss": [0.6765875816345215, 0.658089816570282, 0.641313374042511, 0.625942587852478], "accuracy": [0.6253125071525574, 0.6267187595367432, 0.633593738079071, 0.6421874761581421], "val_loss": [0.745150625705719, 0.7804575562477112, 0.8141372203826904, 0.840409517288208], "val_accuracy": [0.0012499999720603228, 0.014375000260770321, 0.03312499821186066, 0.06437499821186066]}