{"loss": [1.0974277257919312, 0.1828731894493103, 0.05669026076793671, 0.023727240040898323], "accuracy": [0.8479687571525574, 0.9392187595367432, 0.9787499904632568, 0.9928125143051147], "val_loss": [0.3798425793647766, 0.42931801080703735, 0.4703330099582672, 0.7497422695159912], "val_accuracy": [0.8862500190734863, 0.8987500071525574, 0.9056249856948853, 0.8462499976158142]}