{"loss": [1.6001979112625122, 0.3435332477092743, 0.1363450586795807, 0.053924962878227234], "accuracy": [0.6693750023841858, 0.8575000166893005, 0.9504687786102295, 0.9821875095367432], "val_loss": [0.6011838912963867, 0.7460430264472961, 0.787564218044281, 0.8735882043838501], "val_accuracy": [0.7281249761581421, 0.703125, 0.7562500238418579, 0.7524999976158142]}