{"loss": [1.7525233030319214, 0.35808879137039185, 0.15334206819534302, 0.06459762901067734], "accuracy": [0.6659374833106995, 0.844531238079071, 0.9435937404632568, 0.9801562428474426], "val_loss": [0.5869539380073547, 0.7482925653457642, 0.8024875521659851, 0.9432032108306885], "val_accuracy": [0.7300000190734863, 0.7337499856948853, 0.7412499785423279, 0.7393749952316284]}