{"loss": [1.7343558073043823, 0.4079940915107727, 0.1938643604516983, 0.08498501777648926], "accuracy": [0.6449999809265137, 0.8162500262260437, 0.9215624928474426, 0.9725000262260437], "val_loss": [0.6226285696029663, 0.8033231496810913, 0.9323589205741882, 1.0567275285720825], "val_accuracy": [0.6781250238418579, 0.6631249785423279, 0.6712499856948853, 0.6762499809265137]}