{"loss": [0.494057834148407, 0.2695407569408417, 0.20738187432289124, 0.19488900899887085], "accuracy": [0.8434374928474426, 0.9118750095367432, 0.9239062666893005, 0.9315624833106995], "val_loss": [0.07786831259727478, 0.2963908910751343, 0.15340059995651245, 0.2228499948978424], "val_accuracy": [0.9706249833106995, 0.8999999761581421, 0.9443749785423279, 0.9162499904632568]}