,0.0,1.0,accuracy,macro avg,weighted avg
f1-score,0.7610186092066601,0.7466251298026999,0.7540322580645161,0.75382186950468,0.7538146147267545
precision,0.7392959086584205,0.7706323687031083,0.7540322580645161,0.7549641386807644,0.7549799332674806
recall,0.7840565085771948,0.7240684793554885,0.7540322580645161,0.7540624939663416,0.7540322580645161
support,991.0,993.0,0.7540322580645161,1984.0,1984.0
