,0.0,1.0,accuracy,macro avg,weighted avg
f1-score,0.7778286761337608,0.7282913165266107,0.7555443548387096,0.7530599963301858,0.7530599963301858
precision,0.7128463476070529,0.819672131147541,0.7555443548387096,0.7662592393772969,0.766259239377297
recall,0.8558467741935484,0.655241935483871,0.7555443548387096,0.7555443548387097,0.7555443548387096
support,992.0,992.0,0.7555443548387096,1984.0,1984.0
