,0.0,1.0,accuracy,macro avg,weighted avg
f1-score,0.6204453441295545,0.6234939759036144,0.6219758064516129,0.6219696600165845,0.6219665867990704
precision,0.6242362525458248,0.6197604790419161,0.6219758064516129,0.6219983657938705,0.622002877662322
recall,0.6167002012072434,0.6272727272727273,0.6219758064516129,0.6219864642399854,0.6219758064516129
support,994.0,990.0,0.6219758064516129,1984.0,1984.0
