,0.0,1.0,accuracy,macro avg,weighted avg
f1-score,0.8212351029252438,0.8444863336475023,0.8336693548387096,0.832860718286373,0.8328489989160492
precision,0.8886283704572099,0.7922192749778957,0.8336693548387096,0.8404238227175528,0.8404724160116451
recall,0.7633434038267876,0.9041372351160444,0.8336693548387096,0.8337403194714159,0.8336693548387096
support,993.0,991.0,0.8336693548387096,1984.0,1984.0
