,0.0,1.0,accuracy,macro avg,weighted avg
f1-score,0.7239074550128536,0.7345526445872466,0.7293346774193549,0.7292300498000501,0.729213953243234
precision,0.7410526315789474,0.718568665377176,0.7293346774193549,0.7298106484780618,0.7298446464108265
recall,0.7075376884422111,0.7512639029322548,0.7293346774193549,0.7294007956872329,0.7293346774193549
support,995.0,989.0,0.7293346774193549,1984.0,1984.0
