,0.0,1.0,accuracy,macro avg,weighted avg
f1-score,0.9522373051784817,0.9519959575543202,0.952116935483871,0.9521166313664009,0.9521167530133889
precision,0.9508032128514057,0.9534412955465587,0.952116935483871,0.9521222541989822,0.9521209245202044
recall,0.9536757301107754,0.9505549949545913,0.952116935483871,0.9521153625326834,0.952116935483871
support,993.0,991.0,0.952116935483871,1984.0,1984.0
