,0.0,1.0,accuracy,macro avg,weighted avg
f1-score,0.9236252545824847,0.9251497005988024,0.9243951612903226,0.9243874775906435,0.9243874775906435
precision,0.9331275720164609,0.91600790513834,0.9243951612903226,0.9245677385774005,0.9245677385774005
recall,0.9143145161290323,0.9344758064516129,0.9243951612903226,0.9243951612903225,0.9243951612903226
support,992.0,992.0,0.9243951612903226,1984.0,1984.0
