,0.0,1.0,accuracy,macro avg,weighted avg
f1-score,0.9621020717534109,0.9622926093514329,0.9621975806451613,0.9621973405524219,0.9621976286637093
precision,0.9616161616161616,0.9627766599597586,0.9621975806451613,0.9621964107879601,0.9621981655737619
recall,0.9625884732052579,0.9618090452261306,0.9621975806451613,0.9621987592156942,0.9621975806451613
support,989.0,995.0,0.9621975806451613,1984.0,1984.0
