,0.0,1.0,accuracy,macro avg,weighted avg
f1-score,0.9513991163475699,0.9487312273433454,0.9501008064516129,0.9500651718454576,0.9500705506539339
precision,0.930835734870317,0.9713679745493107,0.9501008064516129,0.9511018547098138,0.9510201364846546
recall,0.9728915662650602,0.9271255060728745,0.9501008064516129,0.9500085361689674,0.9501008064516129
support,996.0,988.0,0.9501008064516129,1984.0,1984.0
