,0.0,1.0,accuracy,macro avg,weighted avg
f1-score,0.9531405782652043,0.9520897043832823,0.9526209677419355,0.9526151413242433,0.9526140819755721
precision,0.9409448818897638,0.9648760330578512,0.9526209677419355,0.9529104574738074,0.9529345816181302
recall,0.9656565656565657,0.9396378269617707,0.9526209677419355,0.9526471963091682,0.9526209677419355
support,990.0,994.0,0.9526209677419355,1984.0,1984.0
