,0.0,1.0,accuracy,macro avg,weighted avg
f1-score,0.8761108207004705,0.8846715328467153,0.8805443548387096,0.8803911767735929,0.8803739172732982
precision,0.9138495092693566,0.851921274601687,0.8805443548387096,0.8828853919355217,0.8830102472473518
recall,0.8413654618473896,0.9200404858299596,0.8805443548387096,0.8807029738386746,0.8805443548387096
support,996.0,988.0,0.8805443548387096,1984.0,1984.0
