{"loss": [0.6878097057342529, 0.663880467414856, 0.6612119078636169, 0.6579274535179138, 0.6575421094894409, 0.6433666348457336, 0.6411915421485901, 0.6363778114318848, 0.6459448933601379, 0.6377691030502319, 0.6373233199119568], "accuracy": [0.5601562261581421, 0.6026562452316284, 0.6129687428474426, 0.6165624856948853, 0.6120312213897705, 0.6270312666893005, 0.633593738079071, 0.6418750286102295, 0.6292187571525574, 0.640625, 0.6360937356948853], "val_loss": [0.6470797061920166, 0.6318302750587463, 0.6223422288894653, 0.625592827796936, 0.6191585063934326, 0.6087270975112915, 0.6055325865745544, 0.6045608520507812, 0.6045650839805603, 0.6058407425880432, 0.6153607368469238], "val_accuracy": [0.6474999785423279, 0.6524999737739563, 0.6643750071525574, 0.6487500071525574, 0.6462500095367432, 0.6568750143051147, 0.6706249713897705, 0.6650000214576721, 0.6725000143051147, 0.690625011920929, 0.6512500047683716]}