{"loss": [0.648872435092926, 0.6004688143730164, 0.5900154709815979, 0.5784391760826111, 0.5792545080184937, 0.5744635462760925, 0.5596579909324646, 0.5615831613540649, 0.5584912300109863, 0.5573988556861877, 0.5564871430397034], "accuracy": [0.6176562309265137, 0.6787499785423279, 0.6857812404632568, 0.698437511920929, 0.7049999833106995, 0.7049999833106995, 0.7137500047683716, 0.7084375023841858, 0.7123437523841858, 0.7164062261581421, 0.7201562523841858], "val_loss": [0.5727725028991699, 0.5389031767845154, 0.5243093967437744, 0.5204404592514038, 0.5139957666397095, 0.5089555382728577, 0.5038307905197144, 0.5006203055381775, 0.5016933679580688, 0.5013977885246277, 0.501246452331543], "val_accuracy": [0.7137500047683716, 0.753125011920929, 0.7593749761581421, 0.7631250023841858, 0.7662500143051147, 0.7649999856948853, 0.7712500095367432, 0.7731249928474426, 0.768750011920929, 0.7681249976158142, 0.7712500095367432]}