{"loss": [0.6870318651199341, 0.6766617298126221, 0.6704449653625488, 0.6650903224945068, 0.6630235910415649, 0.6593890190124512, 0.6554867029190063, 0.6550967693328857, 0.6531503796577454, 0.6526305675506592, 0.6515089273452759, 0.6486830711364746, 0.64434814453125, 0.6447680592536926, 0.6432253122329712, 0.6424195766448975, 0.6430149078369141, 0.6398232579231262, 0.6381654739379883, 0.6368765234947205, 0.6378546357154846, 0.6353236436843872, 0.634397029876709, 0.6301387548446655, 0.6333627700805664, 0.6329850554466248, 0.6285167336463928, 0.63075190782547, 0.6281827092170715, 0.6273305416107178, 0.6274529099464417, 0.6241919994354248, 0.6243472099304199, 0.6206557154655457, 0.6208932399749756, 0.6182166337966919, 0.6157450079917908, 0.6191492080688477, 0.614347517490387, 0.6148080229759216, 0.6159690022468567, 0.6148845553398132, 0.613731324672699, 0.6107087731361389, 0.6132581830024719, 0.6124791502952576], "accuracy": [0.5485937595367432, 0.6403124928474426, 0.6421874761581421, 0.668749988079071, 0.6796875, 0.6895312666893005, 0.7048437595367432, 0.6987500190734863, 0.7012500166893005, 0.7007812261581421, 0.7026562690734863, 0.7110937237739563, 0.7184374928474426, 0.7142187356948853, 0.7185937762260437, 0.7157812714576721, 0.7081249952316284, 0.7139062285423279, 0.71875, 0.71484375, 0.7135937213897705, 0.7164062261581421, 0.7210937738418579, 0.7198437452316284, 0.7207812666893005, 0.7109375, 0.7207812666893005, 0.7128124833106995, 0.711718738079071, 0.721875011920929, 0.7157812714576721, 0.7204687595367432, 0.7167187333106995, 0.7235937714576721, 0.7228124737739563, 0.7240625023841858, 0.7310937643051147, 0.7200000286102295, 0.7287499904632568, 0.7281249761581421, 0.7207812666893005, 0.7235937714576721, 0.7221875190734863, 0.7262499928474426, 0.7135937213897705, 0.7201562523841858], "val_loss": [0.679213285446167, 0.6650104522705078, 0.6582900881767273, 0.6530135869979858, 0.6508405804634094, 0.6460489630699158, 0.6436277031898499, 0.6416497826576233, 0.6401446461677551, 0.6376317739486694, 0.6362206339836121, 0.6341819167137146, 0.6323103308677673, 0.6311303973197937, 0.6287205219268799, 0.6265871524810791, 0.6248914003372192, 0.6224633455276489, 0.6210731267929077, 0.618570864200592, 0.6172389388084412, 0.615628719329834, 0.6149246692657471, 0.6123315691947937, 0.6112693548202515, 0.6115705966949463, 0.607714831829071, 0.6062091588973999, 0.604520320892334, 0.6034479737281799, 0.6093394756317139, 0.6009052395820618, 0.5990534424781799, 0.5994566082954407, 0.5951782464981079, 0.5962253212928772, 0.5938718914985657, 0.5920509696006775, 0.5900865197181702, 0.5883834958076477, 0.5869767069816589, 0.5862416625022888, 0.5846432447433472, 0.5881568789482117, 0.5875167846679688, 0.586500883102417], "val_accuracy": [0.7318750023841858, 0.7487499713897705, 0.7562500238418579, 0.7574999928474426, 0.7593749761581421, 0.7674999833106995, 0.7662500143051147, 0.7649999856948853, 0.7631250023841858, 0.7643749713897705, 0.762499988079071, 0.7674999833106995, 0.7699999809265137, 0.7593749761581421, 0.7612500190734863, 0.7643749713897705, 0.7681249976158142, 0.7699999809265137, 0.7706249952316284, 0.7693750262260437, 0.7693750262260437, 0.7712500095367432, 0.765625, 0.7724999785423279, 0.7712500095367432, 0.7618749737739563, 0.7737500071525574, 0.7724999785423279, 0.7737500071525574, 0.7699999809265137, 0.7574999928474426, 0.7718750238418579, 0.7737500071525574, 0.765625, 0.7774999737739563, 0.7662500143051147, 0.7712500095367432, 0.7749999761581421, 0.7787500023841858, 0.7768750190734863, 0.7799999713897705, 0.7762500047683716, 0.7762500047683716, 0.7706249952316284, 0.7681249976158142, 0.7637500166893005]}