{"loss": [0.7050347924232483, 0.6922482252120972, 0.6870877742767334, 0.6829176545143127, 0.6837059855461121, 0.6837529540061951, 0.6786602735519409, 0.6761316061019897, 0.6786953806877136], "accuracy": [0.5251562595367432, 0.5459374785423279, 0.5579687356948853, 0.5651562213897705, 0.5618749856948853, 0.5609375238418579, 0.5726562738418579, 0.5810937285423279, 0.5701562762260437], "val_loss": [0.6687653064727783, 0.665954053401947, 0.6565931439399719, 0.6534892916679382, 0.6525677442550659, 0.6519288420677185, 0.6520369648933411, 0.6521192789077759, 0.6520337462425232], "val_accuracy": [0.5987499952316284, 0.6000000238418579, 0.621874988079071, 0.6412500143051147, 0.6418750286102295, 0.625, 0.6237499713897705, 0.640625, 0.6200000047683716]}