{"loss": [0.6929640769958496, 0.692075252532959, 0.6905800700187683, 0.6872837543487549, 0.6867530941963196, 0.6852590441703796, 0.6831092834472656, 0.6830528974533081, 0.681378185749054, 0.6799374222755432, 0.6792751550674438, 0.6796251535415649, 0.6781261563301086, 0.6779979467391968, 0.6792171597480774, 0.6776243448257446, 0.6769438982009888, 0.6768624186515808, 0.6756952404975891, 0.6769995093345642, 0.6728561520576477, 0.6746302843093872, 0.6750398278236389, 0.6758641600608826, 0.6725175976753235, 0.6751880645751953, 0.6741428375244141, 0.6754902601242065, 0.6728678345680237, 0.6734474897384644, 0.6733405590057373, 0.672421932220459, 0.6739577651023865, 0.671769380569458, 0.6720408797264099, 0.6707548499107361, 0.6714059710502625], "accuracy": [0.5189062356948853, 0.5342187285423279, 0.5418750047683716, 0.5606250166893005, 0.5432812571525574, 0.557812511920929, 0.561718761920929, 0.5598437786102295, 0.5626562237739563, 0.569531261920929, 0.5764062404632568, 0.5676562786102295, 0.5729687213897705, 0.5795312523841858, 0.5699999928474426, 0.5770312547683716, 0.582812488079071, 0.5809375047683716, 0.5784375071525574, 0.5784375071525574, 0.5985937714576721, 0.5899999737739563, 0.5884374976158142, 0.5876562595367432, 0.6004687547683716, 0.5923437476158142, 0.5901562571525574, 0.5846874713897705, 0.5962499976158142, 0.5942187309265137, 0.5909374952316284, 0.604687511920929, 0.5967187285423279, 0.6031249761581421, 0.6010937690734863, 0.6001562476158142, 0.5998437404632568], "val_loss": [0.6924869418144226, 0.6911828517913818, 0.6880272030830383, 0.6839496493339539, 0.6803823709487915, 0.6784781813621521, 0.6772518157958984, 0.6745191216468811, 0.6738133430480957, 0.6727540493011475, 0.671326220035553, 0.6712121367454529, 0.6695405840873718, 0.6689144372940063, 0.6697795987129211, 0.6681619882583618, 0.6674731373786926, 0.667044997215271, 0.6680052280426025, 0.6663388013839722, 0.665493905544281, 0.6643496751785278, 0.6635997295379639, 0.6643007397651672, 0.6626535058021545, 0.6630682349205017, 0.6618300080299377, 0.6615737080574036, 0.6608500480651855, 0.6602541208267212, 0.6610584259033203, 0.6598182916641235, 0.6597546339035034, 0.6582865715026855, 0.6586690545082092, 0.6592097282409668, 0.6584745645523071], "val_accuracy": [0.4987500011920929, 0.5237500071525574, 0.5600000023841858, 0.6025000214576721, 0.621874988079071, 0.6268749833106995, 0.612500011920929, 0.6324999928474426, 0.6268749833106995, 0.6268749833106995, 0.6324999928474426, 0.6293749809265137, 0.6324999928474426, 0.6362500190734863, 0.6324999928474426, 0.6331250071525574, 0.6343749761581421, 0.637499988079071, 0.6299999952316284, 0.6318749785423279, 0.6343749761581421, 0.643750011920929, 0.6449999809265137, 0.6399999856948853, 0.6424999833106995, 0.643750011920929, 0.6493750214576721, 0.6474999785423279, 0.6443750262260437, 0.643750011920929, 0.6456249952316284, 0.6506249904632568, 0.6487500071525574, 0.6487500071525574, 0.6512500047683716, 0.6499999761581421, 0.6462500095367432]}