{"loss": [0.6929807066917419, 0.6921545267105103, 0.6905052065849304, 0.6892459392547607, 0.6880376935005188, 0.6852577328681946, 0.684441328048706, 0.6818752288818359, 0.6826125383377075, 0.6801463961601257, 0.6806108355522156, 0.680030107498169, 0.6798624396324158, 0.6786409616470337, 0.6772741079330444, 0.6776445508003235, 0.675117015838623], "accuracy": [0.4975000023841858, 0.5064062476158142, 0.5285937786102295, 0.5481250286102295, 0.5392187237739563, 0.5557812452316284, 0.5582812428474426, 0.5674999952316284, 0.5604687333106995, 0.5753124952316284, 0.5637500286102295, 0.5674999952316284, 0.5743749737739563, 0.5723437666893005, 0.577343761920929, 0.5776562690734863, 0.5868750214576721], "val_loss": [0.6919414401054382, 0.6896124482154846, 0.6876546740531921, 0.6851190328598022, 0.6845150589942932, 0.6807844638824463, 0.6784210801124573, 0.6778488159179688, 0.6781978011131287, 0.6740731596946716, 0.6732796430587769, 0.6732812523841858, 0.6717588305473328, 0.670793890953064, 0.6719047427177429, 0.6712307929992676, 0.6709495782852173], "val_accuracy": [0.5112500190734863, 0.5112500190734863, 0.596875011920929, 0.5837500095367432, 0.5887500047683716, 0.6050000190734863, 0.6193749904632568, 0.6150000095367432, 0.5987499952316284, 0.6200000047683716, 0.628125011920929, 0.6212499737739563, 0.6274999976158142, 0.6256250143051147, 0.6274999976158142, 0.6306250095367432, 0.6243749856948853]}