{"loss": [0.6922867298126221, 0.6903946399688721, 0.6897154450416565, 0.6888405084609985, 0.6857496500015259, 0.6857074499130249, 0.6841840147972107, 0.6843382120132446, 0.6819154620170593, 0.6814810037612915, 0.6809332966804504, 0.6814167499542236, 0.680695116519928, 0.6791300177574158, 0.6774219274520874, 0.6774648427963257, 0.6787482500076294, 0.6779168844223022, 0.6780568957328796, 0.6788920760154724, 0.677379310131073, 0.6786304712295532, 0.6757033467292786, 0.6783901453018188, 0.6788986921310425], "accuracy": [0.515625, 0.5220312476158142, 0.5364062786102295, 0.5375000238418579, 0.5553125143051147, 0.5506250262260437, 0.5545312762260437, 0.5531250238418579, 0.5635937452316284, 0.5631250143051147, 0.5640624761581421, 0.55859375, 0.5600000023841858, 0.5665624737739563, 0.5754687786102295, 0.571093738079071, 0.5667187571525574, 0.5653125047683716, 0.5754687786102295, 0.571093738079071, 0.5785937309265137, 0.57421875, 0.5918750166893005, 0.5792187452316284, 0.5743749737739563], "val_loss": [0.6906771659851074, 0.6885923743247986, 0.6867789626121521, 0.6848766803741455, 0.6825085282325745, 0.6805124878883362, 0.679103672504425, 0.6776373386383057, 0.6767169833183289, 0.6762515306472778, 0.6749215722084045, 0.6741993427276611, 0.6741543412208557, 0.6731703877449036, 0.6721030473709106, 0.6720567345619202, 0.6723175048828125, 0.6717987656593323, 0.6697391271591187, 0.6698938608169556, 0.6702662706375122, 0.6688929200172424, 0.6698285937309265, 0.6748243570327759, 0.6694321632385254], "val_accuracy": [0.5062500238418579, 0.5649999976158142, 0.5856249928474426, 0.59375, 0.6018750071525574, 0.6106250286102295, 0.5950000286102295, 0.6106250286102295, 0.6037499904632568, 0.6000000238418579, 0.6137499809265137, 0.6200000047683716, 0.6037499904632568, 0.612500011920929, 0.6212499737739563, 0.612500011920929, 0.6075000166893005, 0.6056249737739563, 0.6293749809265137, 0.6306250095367432, 0.6200000047683716, 0.6318749785423279, 0.6162499785423279, 0.5893750190734863, 0.6212499737739563]}