{"loss": [0.7175329327583313, 0.70000821352005, 0.6935341358184814, 0.6887340545654297, 0.6842809319496155, 0.6869596242904663, 0.6828796863555908, 0.6813806891441345, 0.6766864061355591, 0.6706242561340332], "accuracy": [0.5207812786102295, 0.5415624976158142, 0.5559375286102295, 0.5614062547683716, 0.5748437643051147, 0.5639062523841858, 0.5667187571525574, 0.5737500190734863, 0.5826562643051147, 0.5928124785423279], "val_loss": [0.6796498894691467, 0.6698291897773743, 0.6668376922607422, 0.6642284393310547, 0.6912454962730408, 0.6904301643371582, 0.6620049476623535, 0.6670240759849548, 0.6682347059249878, 0.6766400337219238], "val_accuracy": [0.5718749761581421, 0.6050000190734863, 0.606249988079071, 0.6025000214576721, 0.518750011920929, 0.5231249928474426, 0.6031249761581421, 0.5824999809265137, 0.5818750262260437, 0.5606250166893005]}