{"loss": [0.6942076086997986, 0.6663006544113159, 0.6504945158958435, 0.6416225433349609, 0.6380455493927002, 0.6321802735328674, 0.6356200575828552, 0.6321072578430176, 0.6301183104515076, 0.6268566250801086, 0.6286250948905945, 0.627579391002655, 0.6181020736694336], "accuracy": [0.5525000095367432, 0.6012499928474426, 0.6225000023841858, 0.6340625286102295, 0.6424999833106995, 0.6421874761581421, 0.6484375, 0.6431249976158142, 0.6543750166893005, 0.6510937213897705, 0.6493750214576721, 0.6576562523841858, 0.6639062762260437], "val_loss": [0.6435301899909973, 0.6199476718902588, 0.6083735823631287, 0.6102205514907837, 0.596204936504364, 0.5895805954933167, 0.5891671776771545, 0.58624666929245, 0.5849897861480713, 0.5825303792953491, 0.594494640827179, 0.5843994617462158, 0.586242139339447], "val_accuracy": [0.6850000023841858, 0.7024999856948853, 0.7087500095367432, 0.6981250047683716, 0.7143750190734863, 0.71875, 0.6993749737739563, 0.7124999761581421, 0.7181249856948853, 0.7206249833106995, 0.7012500166893005, 0.7243750095367432, 0.715624988079071]}