{"loss": [0.6927661299705505, 0.6902124881744385, 0.6867085099220276, 0.6830667853355408, 0.6811386346817017, 0.6798209547996521, 0.6779212951660156, 0.67566978931427, 0.6758951544761658, 0.6722032427787781, 0.674195408821106, 0.6724077463150024, 0.6710703372955322, 0.6703099608421326, 0.6704627871513367, 0.6678740978240967, 0.6668187975883484, 0.6679368019104004, 0.6674837470054626, 0.6663011312484741, 0.6655340790748596], "accuracy": [0.5140625238418579, 0.5540624856948853, 0.5629687309265137, 0.5720312595367432, 0.5892187356948853, 0.5815625190734863, 0.5998437404632568, 0.6001562476158142, 0.6034374833106995, 0.6196874976158142, 0.6035937666893005, 0.6087499856948853, 0.6239062547683716, 0.6196874976158142, 0.6226562261581421, 0.6293749809265137, 0.6315624713897705, 0.6201562285423279, 0.625, 0.6304687261581421, 0.6268749833106995], "val_loss": [0.6907808780670166, 0.686516523361206, 0.6806595325469971, 0.6762142181396484, 0.6744624376296997, 0.6705912947654724, 0.6686913371086121, 0.6662368774414062, 0.6665538549423218, 0.6630344986915588, 0.6620691418647766, 0.6612222194671631, 0.663677990436554, 0.6592530608177185, 0.6619328260421753, 0.659707248210907, 0.6541880965232849, 0.6526879072189331, 0.6582985520362854, 0.6543712615966797, 0.6534950137138367], "val_accuracy": [0.5987499952316284, 0.6293749809265137, 0.6449999809265137, 0.6587499976158142, 0.6487500071525574, 0.6631249785423279, 0.6675000190734863, 0.6725000143051147, 0.6631249785423279, 0.6818749904632568, 0.6756250262260437, 0.6762499809265137, 0.6606249809265137, 0.6924999952316284, 0.6662499904632568, 0.6725000143051147, 0.6918749809265137, 0.6968749761581421, 0.6643750071525574, 0.6825000047683716, 0.6781250238418579]}