{"loss": [0.6928844451904297, 0.6927831768989563, 0.6919203996658325, 0.6910765171051025, 0.6894331574440002, 0.689045250415802, 0.688580334186554, 0.6861640214920044, 0.6850825548171997, 0.6844803690910339, 0.6855494976043701, 0.681302011013031, 0.6820541620254517, 0.6835455894470215, 0.6839665770530701, 0.6826351284980774, 0.6818950772285461, 0.6799436807632446, 0.6816273331642151, 0.6786360740661621, 0.6794041991233826, 0.6810705065727234, 0.6812084913253784, 0.6772228479385376, 0.6803188920021057, 0.6804865002632141, 0.6788294911384583, 0.6783689856529236, 0.6810138821601868, 0.6782370209693909, 0.6768498420715332, 0.6801974773406982, 0.680712103843689, 0.6785784363746643], "accuracy": [0.5170312523841858, 0.5170312523841858, 0.5245312452316284, 0.5301562547683716, 0.5443750023841858, 0.5389062762260437, 0.5396875143051147, 0.5529687404632568, 0.5540624856948853, 0.5545312762260437, 0.5503125190734863, 0.5739062428474426, 0.5681250095367432, 0.5648437738418579, 0.5590624809265137, 0.5668749809265137, 0.5659375190734863, 0.5839062333106995, 0.5726562738418579, 0.5834375023841858, 0.5860937237739563, 0.5790625214576721, 0.5782812237739563, 0.5920312404632568, 0.5810937285423279, 0.5751562714576721, 0.5854687690734863, 0.5809375047683716, 0.5746874809265137, 0.5785937309265137, 0.5954687595367432, 0.5795312523841858, 0.5764062404632568, 0.5826562643051147], "val_loss": [0.6926121711730957, 0.6921949982643127, 0.6909242272377014, 0.6889690160751343, 0.6855360269546509, 0.6839814782142639, 0.6810981631278992, 0.6789180636405945, 0.6767681837081909, 0.677207887172699, 0.6761638522148132, 0.6743379235267639, 0.6741514801979065, 0.6738069653511047, 0.6722989082336426, 0.6717495918273926, 0.6718640327453613, 0.6709707379341125, 0.670217752456665, 0.6688487529754639, 0.6691471338272095, 0.6733370423316956, 0.6687880754470825, 0.6678174734115601, 0.6678082942962646, 0.6677762866020203, 0.6668873429298401, 0.6664484143257141, 0.6663336753845215, 0.6662006378173828, 0.6651893854141235, 0.6677027940750122, 0.666261613368988, 0.6675384640693665], "val_accuracy": [0.5074999928474426, 0.5274999737739563, 0.5231249928474426, 0.606249988079071, 0.6018750071525574, 0.6043750047683716, 0.6212499737739563, 0.6131250262260437, 0.6268749833106995, 0.6081249713897705, 0.6168749928474426, 0.6200000047683716, 0.6212499737739563, 0.612500011920929, 0.628125011920929, 0.6318749785423279, 0.6212499737739563, 0.6193749904632568, 0.6287500262260437, 0.6362500190734863, 0.6337500214576721, 0.6131250262260437, 0.6318749785423279, 0.6299999952316284, 0.6362500190734863, 0.6356250047683716, 0.6368749737739563, 0.637499988079071, 0.6337500214576721, 0.6293749809265137, 0.6318749785423279, 0.6200000047683716, 0.6349999904632568, 0.6256250143051147]}