{"loss": [0.6919534802436829, 0.6887623071670532, 0.6854174733161926, 0.6808729767799377, 0.6762990355491638, 0.6733671426773071, 0.6711215972900391, 0.6683355569839478, 0.6700690388679504, 0.6662079691886902, 0.6659026145935059, 0.662335216999054, 0.6629522442817688, 0.6614128947257996, 0.6609699726104736, 0.661171019077301, 0.6581733822822571, 0.6594850420951843, 0.6597318053245544, 0.6569753289222717, 0.6569905281066895, 0.6547161340713501, 0.6550711989402771, 0.6520416736602783], "accuracy": [0.5237500071525574, 0.5420312285423279, 0.5678125023841858, 0.5835937261581421, 0.5939062237739563, 0.6012499928474426, 0.602343738079071, 0.6103125214576721, 0.5998437404632568, 0.6123437285423279, 0.6084374785423279, 0.6189062595367432, 0.6168749928474426, 0.620312511920929, 0.617968738079071, 0.6148437261581421, 0.6196874976158142, 0.6107812523841858, 0.6128125190734863, 0.625781238079071, 0.6220312714576721, 0.6232812404632568, 0.624218761920929, 0.6262500286102295], "val_loss": [0.6892561316490173, 0.6833889484405518, 0.6768117547035217, 0.6690780520439148, 0.6631176471710205, 0.6599527597427368, 0.6567382216453552, 0.6537764668464661, 0.6507421731948853, 0.6521645188331604, 0.6502875685691833, 0.6476701498031616, 0.64391028881073, 0.6429330706596375, 0.6416401863098145, 0.6410626769065857, 0.6421748995780945, 0.6363763809204102, 0.6378107070922852, 0.6401597857475281, 0.6326523423194885, 0.6371033191680908, 0.6327337622642517, 0.6352406144142151], "val_accuracy": [0.5068749785423279, 0.6100000143051147, 0.6468750238418579, 0.6862499713897705, 0.7131249904632568, 0.7068750262260437, 0.7099999785423279, 0.7137500047683716, 0.7225000262260437, 0.7068750262260437, 0.7081249952316284, 0.7143750190734863, 0.7287499904632568, 0.7237499952316284, 0.7268750071525574, 0.7206249833106995, 0.7074999809265137, 0.7318750023841858, 0.7212499976158142, 0.706250011920929, 0.731249988079071, 0.706250011920929, 0.7293750047683716, 0.7099999785423279]}