{"loss": [1.8895747661590576, 0.5285813212394714, 0.2659294903278351, 0.13867637515068054], "accuracy": [0.6104803681373596, 0.812882125377655, 0.9034934639930725, 0.9504366517066956], "val_loss": [0.8655630946159363, 0.9840048551559448, 1.016683578491211, 1.2274397611618042], "val_accuracy": [0.677181601524353, 0.7178655862808228, 0.7208136916160583, 0.7299528121948242]}