{"loss": [0.6928667426109314, 0.6916772723197937, 0.6902724504470825, 0.6886774301528931, 0.6866387128829956, 0.6865300536155701, 0.6841824054718018, 0.6833656430244446, 0.6814224123954773, 0.6809220314025879, 0.6818360090255737, 0.6794289946556091, 0.6805754899978638, 0.6802912354469299, 0.6790938377380371, 0.6785338521003723, 0.6780681014060974, 0.6770243048667908, 0.677776038646698, 0.6772071123123169, 0.6784110069274902, 0.6769109964370728, 0.6778014302253723, 0.6765346527099609, 0.6755493879318237, 0.6771504282951355, 0.6768119931221008, 0.6761628985404968, 0.6751561760902405, 0.6763975620269775, 0.6761212348937988], "accuracy": [0.49671876430511475, 0.5049999952316284, 0.5298437476158142, 0.5456249713897705, 0.5559375286102295, 0.5482812523841858, 0.5564062595367432, 0.563281238079071, 0.5643749833106995, 0.5637500286102295, 0.5576562285423279, 0.5670312643051147, 0.5634375214576721, 0.5645312666893005, 0.5689062476158142, 0.567187488079071, 0.5690624713897705, 0.5776562690734863, 0.5717187523841858, 0.5693749785423279, 0.5614062547683716, 0.5759375095367432, 0.567187488079071, 0.5712500214576721, 0.5729687213897705, 0.5689062476158142, 0.5670312643051147, 0.5692187547683716, 0.5754687786102295, 0.5718749761581421, 0.5698437690734863], "val_loss": [0.6921441555023193, 0.6902421712875366, 0.6880080699920654, 0.6854959726333618, 0.6842280030250549, 0.6796683669090271, 0.6776635646820068, 0.6773237586021423, 0.6760890483856201, 0.673534095287323, 0.673626720905304, 0.672003984451294, 0.672009289264679, 0.6711596846580505, 0.6704666614532471, 0.6697139143943787, 0.6699526906013489, 0.6691311597824097, 0.6682736873626709, 0.6681795716285706, 0.6675305366516113, 0.6675875782966614, 0.6670741438865662, 0.6664615869522095, 0.665270209312439, 0.6683558821678162, 0.6669386029243469, 0.6647272706031799, 0.6650900840759277, 0.6682810187339783, 0.6659351587295532], "val_accuracy": [0.4937500059604645, 0.49562498927116394, 0.5618749856948853, 0.5874999761581421, 0.5806249976158142, 0.6018750071525574, 0.6012499928474426, 0.6137499809265137, 0.6131250262260437, 0.612500011920929, 0.6206250190734863, 0.609375, 0.6243749856948853, 0.6118749976158142, 0.6200000047683716, 0.621874988079071, 0.6168749928474426, 0.628125011920929, 0.6262500286102295, 0.6274999976158142, 0.6262500286102295, 0.6337500214576721, 0.6287500262260437, 0.6274999976158142, 0.6306250095367432, 0.6168749928474426, 0.6262500286102295, 0.6356250047683716, 0.6343749761581421, 0.6137499809265137, 0.6274999976158142]}