{"loss": [1.471181035041809, 1.2310864925384521, 1.13374662399292, 1.0589056015014648, 1.0163631439208984, 0.959690272808075, 0.9276800155639648, 0.8938142657279968, 0.8657905459403992, 0.8394116163253784, 0.8150034546852112], "accuracy": [0.36608442664146423, 0.47969433665275574, 0.5320960879325867, 0.5652110576629639, 0.5809316039085388, 0.6096797585487366, 0.6219068169593811, 0.6361717581748962, 0.6481804847717285, 0.6588791608810425, 0.6709607243537903], "val_loss": [1.1268056631088257, 1.0328967571258545, 1.008860468864441, 0.9789910316467285, 0.9816670417785645, 0.9478551149368286, 0.9119387865066528, 0.9031672477722168, 0.9078459143638611, 0.9271734952926636, 0.9435263872146606], "val_accuracy": [0.5336084961891174, 0.59375, 0.6247051954269409, 0.619988203048706, 0.6149764060974121, 0.6429834961891174, 0.6530070900917053, 0.6485849022865295, 0.6659787893295288, 0.6479952931404114, 0.6736438870429993]}