{"loss": [0.7444076538085938, 0.4291445016860962, 0.38992854952812195, 0.34162503480911255, 0.3345853090286255], "accuracy": [0.7153124809265137, 0.8082812428474426, 0.8215625286102295, 0.8490625023841858, 0.8567187786102295], "val_loss": [0.48904651403427124, 0.4116126298904419, 0.4132348597049713, 0.43724822998046875, 0.417561799287796], "val_accuracy": [0.7556250095367432, 0.8218749761581421, 0.8224999904632568, 0.7993749976158142, 0.8199999928474426]}