{"loss": [0.78949373960495, 0.4976523518562317, 0.3982935845851898, 0.33658072352409363, 0.28730887174606323, 0.2511550486087799, 0.21652792394161224, 0.19603155553340912, 0.15635472536087036], "accuracy": [0.664843738079071, 0.7657812237739563, 0.8170312643051147, 0.8459374904632568, 0.8717187643051147, 0.8965625166893005, 0.9134374856948853, 0.9235937595367432, 0.9379687309265137], "val_loss": [0.461631178855896, 0.4426107704639435, 0.40356892347335815, 0.41179680824279785, 0.3983861207962036, 0.38005805015563965, 0.38205626606941223, 0.38331320881843567, 0.8416386246681213], "val_accuracy": [0.7818750143051147, 0.7875000238418579, 0.8206250071525574, 0.8181250095367432, 0.8256250023841858, 0.8462499976158142, 0.8462499976158142, 0.8500000238418579, 0.7318750023841858]}