{"loss": [0.9971526861190796, 0.6087013483047485, 0.5230876803398132, 0.4656662046909332, 0.42035675048828125, 0.39225664734840393, 0.3509044349193573], "accuracy": [0.6307812333106995, 0.7064062356948853, 0.7425000071525574, 0.7881249785423279, 0.80859375, 0.8203125, 0.839062511920929], "val_loss": [0.5581294894218445, 0.5435312986373901, 0.631899893283844, 0.5408462285995483, 0.6116111278533936, 0.6309136748313904, 0.6828607320785522], "val_accuracy": [0.7149999737739563, 0.7300000190734863, 0.699999988079071, 0.7406250238418579, 0.7106249928474426, 0.7275000214576721, 0.6981250047683716]}