{"loss": [0.787518322467804, 0.5488837957382202, 0.4892323911190033, 0.4462949335575104, 0.4098602533340454, 0.37478989362716675, 0.35305413603782654, 0.32530516386032104, 0.3012201488018036, 0.2809995412826538, 0.26098164916038513, 0.24418920278549194, 0.22574925422668457, 0.2100871056318283, 0.1963682770729065, 0.18190962076187134], "accuracy": [0.6863901019096375, 0.7876273393630981, 0.8089519739151001, 0.8265647888183594, 0.8427219986915588, 0.8560407757759094, 0.8653566241264343, 0.8780204057693481, 0.8901019096374512, 0.897743821144104, 0.9056040644645691, 0.9122998714447021, 0.9200873374938965, 0.9274381399154663, 0.9331877827644348, 0.9398835301399231], "val_loss": [0.5911886692047119, 0.6643705368041992, 0.5550562739372253, 0.5225222706794739, 0.5159217715263367, 0.5011189579963684, 0.47392740845680237, 0.5256446003913879, 0.46492502093315125, 0.5008927583694458, 0.48322993516921997, 0.46310925483703613, 0.46156248450279236, 0.472194105386734, 0.48772934079170227, 0.4932873845100403], "val_accuracy": [0.7715212106704712, 0.7376179099082947, 0.7818396091461182, 0.7995283007621765, 0.796875, 0.8119103908538818, 0.8163325190544128, 0.7992334961891174, 0.8304834961891174, 0.8151533007621765, 0.8237028121948242, 0.8263561129570007, 0.8269457817077637, 0.8337264060974121, 0.8210495114326477, 0.828125]}