{"loss": [0.9807010889053345, 0.6329711675643921, 0.5090578198432922, 0.39448752999305725, 0.3172631859779358, 0.25099119544029236, 0.19820399582386017], "accuracy": [0.6291120648384094, 0.7648471593856812, 0.8133187890052795, 0.8549490571022034, 0.8872634768486023, 0.9109170436859131, 0.9322416186332703], "val_loss": [0.6033240556716919, 0.528495728969574, 0.48256659507751465, 0.43190163373947144, 0.44065719842910767, 0.45795977115631104, 0.4810411334037781], "val_accuracy": [0.7821344137191772, 0.8068985939025879, 0.8287146091461182, 0.8493514060974121, 0.8499410152435303, 0.8484669923782349, 0.8484669923782349]}