{"loss": [1.0036895275115967, 0.6365893483161926, 0.492637038230896, 0.39060235023498535, 0.30695641040802, 0.24043186008930206, 0.19128897786140442], "accuracy": [0.6232168674468994, 0.7638282179832458, 0.8189228773117065, 0.8555312752723694, 0.88653564453125, 0.9141921401023865, 0.9319505095481873], "val_loss": [0.5524569749832153, 0.5166783332824707, 0.4908105432987213, 0.46988019347190857, 0.4956009089946747, 0.47883108258247375, 0.5074487924575806], "val_accuracy": [0.7921580076217651, 0.807193398475647, 0.8257665038108826, 0.8349056839942932, 0.8313679099082947, 0.8408018946647644, 0.8354952931404114]}