{"loss": [1.183245301246643, 0.397430419921875, 0.24189287424087524, 0.14844970405101776], "accuracy": [0.698908269405365, 0.8488355278968811, 0.9115720391273499, 0.9492722153663635], "val_loss": [0.5085456967353821, 0.5953337550163269, 0.5489428043365479, 0.5539721250534058], "val_accuracy": [0.8060141801834106, 0.7856721878051758, 0.8198702931404114, 0.8216391801834106]}