{"loss": [0.6725767254829407, 0.6656055450439453, 0.6598169803619385, 0.6552371382713318, 0.6505590081214905, 0.647092878818512, 0.6435492038726807, 0.638288676738739, 0.6351843476295471, 0.6308748126029968, 0.6261627674102783, 0.6211500763893127, 0.6165571212768555, 0.612517237663269, 0.6063873171806335, 0.6030577421188354, 0.5994793772697449, 0.5937285423278809, 0.5904465317726135], "accuracy": [0.6676562428474426, 0.7098437547683716, 0.7376562356948853, 0.7526562213897705, 0.7679687738418579, 0.7754687666893005, 0.7832812666893005, 0.7989062666893005, 0.8014062643051147, 0.8110937476158142, 0.8201562762260437, 0.8304687738418579, 0.8384374976158142, 0.8434374928474426, 0.8565624952316284, 0.8582812547683716, 0.8610937595367432, 0.8712499737739563, 0.8728125095367432], "val_loss": [0.6667245626449585, 0.6617717742919922, 0.6613531708717346, 0.6606869697570801, 0.6592180728912354, 0.6598019599914551, 0.6553168296813965, 0.6634126305580139, 0.6520879864692688, 0.6512556672096252, 0.647712767124176, 0.6456153988838196, 0.6449004411697388, 0.6438685655593872, 0.6415784955024719, 0.6390345692634583, 0.6428955793380737, 0.6465258598327637, 0.6397470235824585], "val_accuracy": [0.7093750238418579, 0.7300000190734863, 0.7212499976158142, 0.7143750190734863, 0.7143750190734863, 0.7006250023841858, 0.715624988079071, 0.6725000143051147, 0.7181249856948853, 0.7131249904632568, 0.721875011920929, 0.7256249785423279, 0.7200000286102295, 0.7193750143051147, 0.7231249809265137, 0.7262499928474426, 0.7099999785423279, 0.6918749809265137, 0.7081249952316284]}