{"loss": [1.1309208869934082, 0.1594138890504837, 0.042817629873752594, 0.018129980191588402], "accuracy": [0.8296874761581421, 0.9428125023841858, 0.9850000143051147, 0.9950000047683716], "val_loss": [0.36999815702438354, 0.5097663402557373, 0.5699431896209717, 0.6429832577705383], "val_accuracy": [0.8662499785423279, 0.8650000095367432, 0.8818749785423279, 0.8725000023841858]}