{"loss": [0.6010337471961975, 0.5869791507720947, 0.5783696174621582, 0.5728721022605896, 0.5657908916473389, 0.5610635280609131, 0.5563476085662842, 0.5521986484527588, 0.547752320766449, 0.5416519641876221, 0.5386121869087219, 0.5339169502258301, 0.5282979011535645, 0.5226653814315796, 0.5187627673149109, 0.515146017074585, 0.510181188583374, 0.5062841176986694, 0.5022757053375244, 0.497896283864975, 0.4941098690032959, 0.49113011360168457, 0.4870727062225342, 0.48374444246292114, 0.4802742302417755, 0.47707894444465637, 0.4735300838947296, 0.46960383653640747, 0.46714073419570923, 0.4630543887615204, 0.45905163884162903, 0.4559837281703949, 0.45243629813194275, 0.449311226606369, 0.44600823521614075, 0.4425375461578369, 0.4393928647041321, 0.4362771511077881, 0.43316981196403503, 0.4300893545150757, 0.42700648307800293, 0.42397454380989075, 0.4209480583667755, 0.41794419288635254, 0.414967805147171, 0.4120224714279175, 0.40908825397491455, 0.40617889165878296, 0.4032914638519287, 0.4004254937171936, 0.3975886106491089, 0.3947657644748688, 0.3919602334499359, 0.38918182253837585, 0.38641396164894104, 0.38367989659309387, 0.38096439838409424, 0.3782632350921631, 0.3755895495414734, 0.3729301691055298, 0.3702918589115143, 0.3676828145980835, 0.36508217453956604, 0.3625161349773407, 0.35994842648506165, 0.3574157953262329, 0.3548952341079712, 0.3524121940135956, 0.3499220013618469, 0.3474659323692322, 0.34503471851348877, 0.34261199831962585, 0.34021228551864624, 0.33785489201545715, 0.33549633622169495, 0.3331398665904999, 0.3308241367340088, 0.32851845026016235, 0.3262424170970917, 0.32396945357322693, 0.3217257559299469, 0.31948617100715637, 0.31728097796440125, 0.31507691740989685, 0.31291434168815613, 0.31075745820999146, 0.30861255526542664, 0.306496798992157, 0.3043881356716156, 0.30230608582496643, 0.3002524673938751, 0.29819566011428833, 0.2961553931236267, 0.29415223002433777, 0.2921617925167084, 0.2901746928691864, 0.28821858763694763, 0.28627780079841614, 0.28415021300315857, 0.2822301983833313], "accuracy": [0.8575000166893005, 0.893750011920929, 0.9120312333106995, 0.918749988079071, 0.9300000071525574, 0.934374988079071, 0.938281238079071, 0.9403125047683716, 0.9424999952316284, 0.9501562714576721, 0.9481250047683716, 0.9515625238418579, 0.95703125, 0.9618750214576721, 0.9632812738418579, 0.9631249904632568, 0.9664062261581421, 0.9673437476158142, 0.9682812690734863, 0.9703124761581421, 0.9710937738418579, 0.9700000286102295, 0.9714062213897705, 0.9710937738418579, 0.9712499976158142, 0.9709374904632568, 0.9712499976158142, 0.9723437428474426, 0.9707812666893005, 0.9721875190734863, 0.9735937714576721, 0.9732812643051147, 0.9737499952316284, 0.9735937714576721, 0.9739062786102295, 0.9742187261581421, 0.9742187261581421, 0.9742187261581421, 0.9742187261581421, 0.9742187261581421, 0.9742187261581421, 0.9742187261581421, 0.9742187261581421, 0.9742187261581421, 0.9742187261581421, 0.9742187261581421, 0.9742187261581421, 0.9742187261581421, 0.9742187261581421, 0.9742187261581421, 0.9742187261581421, 0.9742187261581421, 0.9742187261581421, 0.9742187261581421, 0.9742187261581421, 0.9742187261581421, 0.9742187261581421, 0.9742187261581421, 0.9742187261581421, 0.9742187261581421, 0.9742187261581421, 0.9742187261581421, 0.9742187261581421, 0.9742187261581421, 0.9742187261581421, 0.9742187261581421, 0.9742187261581421, 0.9742187261581421, 0.9742187261581421, 0.9742187261581421, 0.9742187261581421, 0.9742187261581421, 0.9742187261581421, 0.9742187261581421, 0.9742187261581421, 0.9742187261581421, 0.9742187261581421, 0.9742187261581421, 0.9742187261581421, 0.9742187261581421, 0.9742187261581421, 0.9742187261581421, 0.9742187261581421, 0.9742187261581421, 0.9742187261581421, 0.9742187261581421, 0.9742187261581421, 0.9742187261581421, 0.9742187261581421, 0.9742187261581421, 0.9742187261581421, 0.9742187261581421, 0.9742187261581421, 0.9742187261581421, 0.9742187261581421, 0.9742187261581421, 0.9742187261581421, 0.9742187261581421, 0.9743750095367432, 0.9743750095367432], "val_loss": [0.5978909134864807, 0.590983510017395, 0.5850114822387695, 0.5821189284324646, 0.5809617042541504, 0.5750757455825806, 0.5723292231559753, 0.5732201933860779, 0.5701876282691956, 0.567463219165802, 0.5631803274154663, 0.5606064200401306, 0.5589513182640076, 0.5564669966697693, 0.5500678420066833, 0.5499133467674255, 0.5515979528427124, 0.5427321195602417, 0.540172815322876, 0.5383679866790771, 0.5347633957862854, 0.533082902431488, 0.5320902466773987, 0.5280866622924805, 0.524197518825531, 0.5236022472381592, 0.5241242051124573, 0.5234115719795227, 0.5173726677894592, 0.5133482217788696, 0.5099937915802002, 0.5066229104995728, 0.5049270987510681, 0.5035450458526611, 0.5009818077087402, 0.49851852655410767, 0.49631771445274353, 0.4941648244857788, 0.49199196696281433, 0.4898161292076111, 0.48764023184776306, 0.4854789972305298, 0.48335251212120056, 0.4812454581260681, 0.47916123270988464, 0.47711852192878723, 0.4750758707523346, 0.47306182980537415, 0.4710789918899536, 0.4691160321235657, 0.46716880798339844, 0.4652444124221802, 0.46333998441696167, 0.4614441394805908, 0.4595772624015808, 0.4577413499355316, 0.45590224862098694, 0.4541005790233612, 0.45231714844703674, 0.45054706931114197, 0.44880425930023193, 0.44708433747291565, 0.44536444544792175, 0.44367507100105286, 0.44200170040130615, 0.4403454661369324, 0.43872201442718506, 0.43710795044898987, 0.4355080723762512, 0.43393203616142273, 0.43237388134002686, 0.4308418035507202, 0.4293231666088104, 0.42781952023506165, 0.42633891105651855, 0.42487236857414246, 0.4234280288219452, 0.4220048189163208, 0.42060011625289917, 0.4192141592502594, 0.417837917804718, 0.416479229927063, 0.4151538908481598, 0.41382765769958496, 0.41252875328063965, 0.4112623631954193, 0.4100000858306885, 0.4087507724761963, 0.40752848982810974, 0.4063255190849304, 0.4051457345485687, 0.4039550721645355, 0.40281882882118225, 0.4016948938369751, 0.4006490409374237, 0.3995617926120758, 0.39883679151535034, 0.3953487277030945, 0.39519473910331726, 0.3940592110157013],