{"loss": [1.172967553138733, 0.23085185885429382, 0.07819004356861115, 0.04064507037401199], "accuracy": [0.7721874713897705, 0.9134374856948853, 0.9714062213897705, 0.9873437285423279], "val_loss": [0.4594782888889313, 0.5151936411857605, 0.6729094982147217, 0.6946503520011902], "val_accuracy": [0.8243749737739563, 0.8431249856948853, 0.8543750047683716, 0.8606250286102295]}