{"loss": [0.6078289747238159, 0.5912705063819885, 0.5841013193130493, 0.5789118409156799, 0.5721667408943176, 0.5670706033706665, 0.5611239671707153, 0.5579460263252258, 0.5523391366004944, 0.5470039248466492, 0.5421447157859802, 0.538586437702179, 0.5339070558547974, 0.5290981531143188, 0.5252596735954285, 0.5213332772254944, 0.5170800685882568, 0.5127237439155579, 0.5093336701393127, 0.5047540068626404, 0.5007925629615784, 0.49800431728363037, 0.4935719966888428, 0.4900030493736267, 0.4866834878921509, 0.4824999272823334, 0.4796319305896759, 0.47545814514160156, 0.47205841541290283, 0.4683655798435211, 0.46478283405303955, 0.4625188708305359, 0.4600820541381836, 0.45446068048477173, 0.4509037435054779, 0.44768399000167847, 0.44366157054901123, 0.44066426157951355, 0.43720686435699463, 0.43406933546066284, 0.4306660592556, 0.42726004123687744, 0.4242316782474518, 0.42101776599884033, 0.4178326725959778, 0.4147547483444214, 0.4117095470428467, 0.40868788957595825, 0.40568047761917114, 0.4027186930179596, 0.3997651934623718, 0.39682501554489136, 0.39422035217285156, 0.39100807905197144, 0.38804107904434204, 0.38519972562789917, 0.3823630213737488, 0.379562109708786, 0.37677088379859924, 0.3739933669567108, 0.37125396728515625, 0.3685283362865448, 0.3658285140991211, 0.36315152049064636, 0.3604811429977417, 0.3578221797943115, 0.3552023768424988, 0.352593332529068, 0.35000360012054443, 0.34744879603385925, 0.3449021279811859, 0.3423726260662079, 0.33986610174179077, 0.33738958835601807, 0.3349165618419647, 0.33246132731437683, 0.3300383388996124, 0.3276202380657196, 0.3252396285533905, 0.32286298274993896, 0.3205154538154602, 0.3181866705417633, 0.3158748149871826, 0.31357985734939575, 0.3113040626049042, 0.30903199315071106, 0.3068033754825592, 0.30458325147628784, 0.3023804724216461, 0.3001987338066101, 0.29804086685180664, 0.29589375853538513, 0.29375311732292175, 0.2916436195373535, 0.2895347476005554, 0.28747010231018066, 0.2853989899158478, 0.2833455801010132, 0.28132864832878113, 0.27931109070777893], "accuracy": [0.8564062714576721, 0.90625, 0.9203125238418579, 0.9251562356948853, 0.9368749856948853, 0.9412500262260437, 0.9487500190734863, 0.9481250047683716, 0.9535937309265137, 0.9581249952316284, 0.9614062309265137, 0.9614062309265137, 0.9639062285423279, 0.9673437476158142, 0.9674999713897705, 0.9681249856948853, 0.969531238079071, 0.9714062213897705, 0.9712499976158142, 0.973437488079071, 0.9742187261581421, 0.9723437428474426, 0.9743750095367432, 0.9745312333106995, 0.9742187261581421, 0.975781261920929, 0.9745312333106995, 0.975781261920929, 0.9759374856948853, 0.9765625, 0.9768750071525574, 0.9750000238418579, 0.9732812643051147, 0.9775000214576721, 0.9779687523841858, 0.9778125286102295, 0.9790624976158142, 0.9785937666893005, 0.9790624976158142, 0.9790624976158142, 0.9793750047683716, 0.9798437356948853, 0.979687511920929, 0.9798437356948853, 0.9800000190734863, 0.9800000190734863, 0.9800000190734863, 0.9801562428474426, 0.9801562428474426, 0.9801562428474426, 0.9801562428474426, 0.9801562428474426, 0.979687511920929, 0.9803125262260437, 0.9803125262260437, 0.9803125262260437, 0.9803125262260437, 0.9803125262260437, 0.9803125262260437, 0.9803125262260437, 0.9803125262260437, 0.9803125262260437, 0.9803125262260437, 0.9803125262260437, 0.9803125262260437, 0.9803125262260437, 0.9803125262260437, 0.9803125262260437, 0.9803125262260437, 0.9803125262260437, 0.9803125262260437, 0.9803125262260437, 0.9803125262260437, 0.9803125262260437, 0.9803125262260437, 0.9803125262260437, 0.9803125262260437, 0.9803125262260437, 0.9803125262260437, 0.9803125262260437, 0.9803125262260437, 0.9803125262260437, 0.9803125262260437, 0.9803125262260437, 0.9803125262260437, 0.9803125262260437, 0.9803125262260437, 0.9803125262260437, 0.9803125262260437, 0.9803125262260437, 0.9803125262260437, 0.9803125262260437, 0.9803125262260437, 0.9803125262260437, 0.9803125262260437, 0.9803125262260437, 0.9803125262260437, 0.9803125262260437, 0.9803125262260437, 0.9803125262260437], "val_loss": [0.6082057356834412, 0.6005499362945557, 0.5945881009101868, 0.59137362241745, 0.5857955813407898, 0.5846571326255798, 0.5788960456848145, 0.5813989043235779, 0.5760558843612671, 0.572994589805603, 0.5691042542457581, 0.5676143169403076, 0.5771886706352234, 0.5584774613380432, 0.5548285841941833, 0.5522986054420471, 0.5527405738830566, 0.551383912563324, 0.5437518954277039, 0.5407859086990356, 0.5404859185218811, 0.5380207300186157, 0.5319061279296875, 0.5300386548042297, 0.5268691182136536, 0.523931086063385, 0.5240929126739502, 0.5227672457695007, 0.5198929905891418, 0.5158186554908752, 0.5120646357536316, 0.5126185417175293, 0.5101631283760071, 0.5062283277511597, 0.5028760433197021, 0.5022188425064087, 0.5011413097381592, 0.498390793800354, 0.4973072111606598, 0.4924308657646179, 0.48694828152656555, 0.48475781083106995, 0.48135924339294434, 0.4797860383987427, 0.47794508934020996, 0.47577008605003357, 0.47172385454177856, 0.47087305784225464, 0.46827712655067444, 0.46633002161979675, 0.4644366204738617, 0.46109211444854736, 0.45871424674987793, 0.45487767457962036, 0.45365792512893677, 0.4508007764816284, 0.448973685503006, 0.4470357894897461, 0.44511207938194275, 0.4432053864002228, 0.4413209557533264, 0.439454585313797, 0.43762096762657166, 0.4358000159263611, 0.4339844584465027, 0.43219074606895447, 0.4304238557815552, 0.42867276072502136, 0.4269379675388336, 0.425231009721756, 0.4235396087169647, 0.42187294363975525, 0.42021462321281433, 0.41858619451522827, 0.4169689416885376, 0.4153674840927124, 0.4137926399707794, 0.4122270941734314, 0.41069096326828003, 0.4091660678386688, 0.4076644480228424, 0.4061814844608307, 0.4047086834907532, 0.4032573699951172, 0.4018220901489258, 0.40040919184684753, 0.3990148901939392, 0.3976351022720337, 0.39627787470817566, 0.39493706822395325, 0.39361241459846497, 0.3923058807849884, 0.3910140097141266, 0.3897440433502197, 0.38848617672920227, 0.387256920337677, 0.3860274851322174, 0.384811669588089, 0.38362887501716614, 0.38245606422424316],