{"loss": [1.7184773683547974, 1.3264663219451904, 1.212873101234436, 1.1287323236465454, 1.0513043403625488, 0.979381263256073, 0.9516866207122803, 0.9120182991027832], "accuracy": [0.3299126625061035, 0.46120816469192505, 0.5191411972045898, 0.5625726580619812, 0.5883551836013794, 0.6237991452217102, 0.6386463046073914, 0.6601892113685608], "val_loss": [1.2915252447128296, 1.1187597513198853, 1.0603127479553223, 1.001054286956787, 0.9942647218704224, 1.0124727487564087, 1.0245603322982788, 1.1182525157928467], "val_accuracy": [0.45931604504585266, 0.5881485939025879, 0.6247051954269409, 0.651238203048706, 0.6603773832321167, 0.6804245114326477, 0.6804245114326477, 0.6998820900917053]}