{"loss": [1.003939151763916, 0.09161856770515442, 0.025699779391288757, 0.010469484142959118], "accuracy": [0.8673437237739563, 0.9748437404632568, 0.9910937547683716, 0.9970312714576721], "val_loss": [0.27011170983314514, 0.39336907863616943, 0.40467116236686707, 0.48322594165802], "val_accuracy": [0.9256250262260437, 0.9306250214576721, 0.9287499785423279, 0.9368749856948853]}