{"loss": [0.6568763852119446, 0.6351204514503479, 0.6270196437835693, 0.6195201277732849, 0.6121414303779602, 0.6062222123146057, 0.6013670563697815, 0.5974037051200867, 0.5902054309844971, 0.5840442180633545, 0.5784751176834106, 0.5720738768577576, 0.5666459798812866, 0.5619623064994812, 0.5589421987533569, 0.5512588024139404, 0.5473741292953491, 0.5434196591377258, 0.5395992398262024, 0.5342302918434143, 0.5280737280845642, 0.5252141952514648, 0.5209152102470398, 0.5153234601020813, 0.5110396146774292, 0.5093285441398621, 0.5034114718437195, 0.4985756576061249, 0.4962964355945587, 0.4926823675632477, 0.48833024501800537, 0.483676940202713, 0.48019200563430786, 0.4760124981403351, 0.47291144728660583, 0.4700174331665039, 0.4659019410610199, 0.4631267189979553, 0.4603121280670166, 0.45577701926231384, 0.4528869688510895, 0.4504714608192444, 0.4468044638633728, 0.4456845819950104, 0.4415256083011627, 0.43818485736846924, 0.43502962589263916, 0.4314385950565338], "accuracy": [0.6760937571525574, 0.760937511920929, 0.7848437428474426, 0.8057812452316284, 0.8243749737739563, 0.8359375, 0.8443750143051147, 0.8485937714576721, 0.8623437285423279, 0.8728125095367432, 0.8817187547683716, 0.8912500143051147, 0.8989062309265137, 0.9028124809265137, 0.9021875262260437, 0.914843738079071, 0.9168750047683716, 0.918749988079071, 0.9204687476158142, 0.9264062643051147, 0.932812511920929, 0.9317187666893005, 0.9340624809265137, 0.9399999976158142, 0.942187488079071, 0.9392187595367432, 0.9443749785423279, 0.9481250047683716, 0.946093738079071, 0.9468749761581421, 0.9493749737739563, 0.9521874785423279, 0.953125, 0.9548437595367432, 0.9545312523841858, 0.9546874761581421, 0.956250011920929, 0.9556249976158142, 0.9551562666893005, 0.9579687714576721, 0.9576562643051147, 0.95703125, 0.9581249952316284, 0.9553124904632568, 0.95703125, 0.9579687714576721, 0.9582812786102295, 0.9593750238418579], "val_loss": [0.6422885060310364, 0.6433566808700562, 0.631941020488739, 0.6345792412757874, 0.6247226595878601, 0.6228253245353699, 0.6229151487350464, 0.6259441375732422, 0.6169247031211853, 0.6187664866447449, 0.6294739842414856, 0.6089985370635986, 0.6132974624633789, 0.6086934804916382, 0.6074352860450745, 0.6085524559020996, 0.6063621640205383, 0.605189859867096, 0.6027646064758301, 0.605064332485199, 0.5959197282791138, 0.5894601941108704, 0.5908843874931335, 0.5867627859115601, 0.592781662940979, 0.5903151631355286, 0.5862557888031006, 0.5818583965301514, 0.5902233123779297, 0.5791150331497192, 0.5798388123512268, 0.5768197178840637, 0.5734133720397949, 0.569756269454956, 0.5669714212417603, 0.572922945022583, 0.5655481219291687, 0.5688117742538452, 0.5695464611053467, 0.5629865527153015, 0.563790500164032, 0.5659623146057129, 0.5628289580345154, 0.5617852210998535, 0.5552675127983093, 0.5596917867660522, 0.5578383803367615, 0.5588871836662292], "val_accuracy": [0.7400000095367432, 0.7193750143051147, 0.7618749737739563, 0.7425000071525574, 0.7756249904632568, 0.7749999761581421, 0.7674999833106995, 0.7537500262260437, 0.7749999761581421, 0.7637500166893005, 0.7256249785423279, 0.7831249833106995, 0.7631250023841858, 0.7718750238418579, 0.7712500095367432, 0.7643749713897705, 0.7637500166893005, 0.7643749713897705, 0.7649999856948853, 0.7556250095367432, 0.7718750238418579, 0.7868750095367432, 0.7774999737739563, 0.784375011920929, 0.7681249976158142, 0.7706249952316284, 0.7749999761581421, 0.78125, 0.7631250023841858, 0.7787500023841858, 0.7731249928474426, 0.7774999737739563, 0.7818750143051147, 0.7856249809265137, 0.7918750047683716, 0.7774999737739563, 0.784375011920929, 0.7793750166893005, 0.7737500071525574, 0.7837499976158142, 0.7806249856948853, 0.7743750214576721, 0.778124988079071, 0.7793750166893005, 0.784375011920929, 0.7768750190734863, 0.7787500023841858, 0.7737500071525574]}