{"loss": [2.5929272174835205, 1.171648621559143, 0.8612623810768127, 0.6770294904708862, 0.594230592250824, 0.5021209120750427, 0.47185108065605164], "accuracy": [0.6168749928474426, 0.6957812309265137, 0.7379687428474426, 0.7662500143051147, 0.793749988079071, 0.8207812309265137, 0.8346874713897705], "val_loss": [0.9401232004165649, 0.7250787615776062, 0.7577447295188904, 0.6143271923065186, 0.6639688014984131, 0.6741385459899902, 0.7756497859954834], "val_accuracy": [0.6931250095367432, 0.7068750262260437, 0.7099999785423279, 0.7350000143051147, 0.7287499904632568, 0.7475000023841858, 0.7406250238418579]}