{"loss": [1.8439134359359741, 0.45192572474479675, 0.21160723268985748, 0.08552978187799454], "accuracy": [0.5918750166893005, 0.7934374809265137, 0.9160937666893005, 0.9729687571525574], "val_loss": [0.6629873514175415, 0.7653388977050781, 0.9548805356025696, 1.2225364446640015], "val_accuracy": [0.6424999833106995, 0.6543750166893005, 0.6606249809265137, 0.6618750095367432]}