{"loss": [0.648189902305603, 0.6358250975608826, 0.6303020715713501, 0.6246866583824158, 0.6198054552078247, 0.6144011616706848, 0.6091787815093994, 0.603435754776001, 0.5993539690971375, 0.5948187112808228, 0.5903679728507996, 0.5847718715667725, 0.5800023078918457, 0.5740433931350708, 0.5719741582870483, 0.5665202140808105, 0.560718297958374, 0.5557919144630432, 0.5504466891288757, 0.547434389591217, 0.5437350273132324, 0.5384277105331421, 0.5345151424407959, 0.5314328670501709, 0.5257427096366882, 0.5213732719421387, 0.5173699855804443, 0.514399528503418, 0.5105479955673218, 0.5059400796890259, 0.5028311014175415, 0.49954336881637573, 0.4959806799888611, 0.4908939599990845, 0.4876759350299835, 0.4826338589191437, 0.4789577126502991, 0.4757729470729828, 0.47192394733428955, 0.4685770273208618, 0.4642983675003052, 0.46243342757225037, 0.4580756723880768, 0.4560028910636902, 0.44998958706855774, 0.446746826171875, 0.44321390986442566, 0.4413313567638397, 0.43763381242752075, 0.43363937735557556, 0.43056151270866394, 0.4272199273109436, 0.4240041971206665, 0.4213651418685913, 0.418120801448822, 0.4146250784397125, 0.41160738468170166, 0.40865853428840637, 0.40702974796295166, 0.40351399779319763, 0.39977142214775085, 0.3969796299934387, 0.3948729336261749, 0.39118558168411255, 0.3882005214691162, 0.3854110836982727, 0.38328516483306885, 0.37980517745018005, 0.37687352299690247, 0.3741634786128998, 0.371460497379303, 0.36878418922424316, 0.3661346733570099, 0.3635045289993286, 0.3608863949775696, 0.3582879900932312, 0.35572105646133423, 0.3531700074672699, 0.3506309986114502, 0.34812209010124207, 0.345635324716568, 0.343148797750473, 0.34068313241004944, 0.3382607400417328, 0.33583611249923706, 0.3334454298019409, 0.3310500681400299, 0.3286987245082855, 0.3263567090034485, 0.3240411877632141, 0.32174578309059143, 0.3194595277309418, 0.3171774744987488, 0.31493863463401794, 0.3127072751522064, 0.31049928069114685, 0.3083215653896332, 0.30615267157554626, 0.30399665236473083, 0.30185526609420776], "accuracy": [0.7787500023841858, 0.831250011920929, 0.8450000286102295, 0.8579687476158142, 0.8676562309265137, 0.8771874904632568, 0.8873437643051147, 0.8979687690734863, 0.9007812738418579, 0.905468761920929, 0.9098437428474426, 0.9176562428474426, 0.921875, 0.9298437237739563, 0.9262499809265137, 0.9323437213897705, 0.9395312666893005, 0.9432812333106995, 0.948437511920929, 0.9471874833106995, 0.9476562738418579, 0.952343761920929, 0.9532812237739563, 0.9518749713897705, 0.957812488079071, 0.9595312476158142, 0.9610937237739563, 0.9595312476158142, 0.9606249928474426, 0.9634374976158142, 0.9624999761581421, 0.9626562595367432, 0.9626562595367432, 0.9662500023841858, 0.965624988079071, 0.96875, 0.9696875214576721, 0.9693750143051147, 0.9706249833106995, 0.9703124761581421, 0.9720312356948853, 0.9696875214576721, 0.9710937738418579, 0.9696875214576721, 0.9743750095367432, 0.9745312333106995, 0.9750000238418579, 0.9729687571525574, 0.9739062786102295, 0.9751562476158142, 0.9751562476158142, 0.9756249785423279, 0.975781261920929, 0.9751562476158142, 0.9754687547683716, 0.9762499928474426, 0.9762499928474426, 0.9762499928474426, 0.9746875166893005, 0.9753124713897705, 0.9764062762260437, 0.9762499928474426, 0.9753124713897705, 0.9764062762260437, 0.9765625, 0.9765625, 0.9756249785423279, 0.9767187237739563, 0.9768750071525574, 0.9768750071525574, 0.9768750071525574, 0.9768750071525574, 0.9768750071525574, 0.9768750071525574, 0.9768750071525574, 0.9768750071525574, 0.9768750071525574, 0.9768750071525574, 0.9768750071525574, 0.9768750071525574, 0.9768750071525574, 0.9768750071525574, 0.9768750071525574, 0.9768750071525574, 0.9768750071525574, 0.9768750071525574, 0.9768750071525574, 0.9768750071525574, 0.9768750071525574, 0.9768750071525574, 0.9768750071525574, 0.9768750071525574, 0.9768750071525574, 0.9768750071525574, 0.9768750071525574, 0.9768750071525574, 0.9768750071525574, 0.9768750071525574, 0.9768750071525574, 0.9768750071525574], "val_loss": [0.644208550453186, 0.6399537324905396, 0.6354340314865112, 0.6298574209213257, 0.6261155605316162, 0.6229979991912842, 0.6211810111999512, 0.6180583238601685, 0.6122123003005981, 0.6115357875823975, 0.6162238717079163, 0.6049458384513855, 0.6007872223854065, 0.6028964519500732, 0.5945351123809814, 0.5915718078613281, 0.5928070545196533, 0.5879324078559875, 0.5900259613990784, 0.582165002822876, 0.5811405181884766, 0.5773255825042725, 0.5740557312965393, 0.5669241547584534, 0.5712419748306274, 0.5690720081329346, 0.5626221895217896, 0.5627435445785522, 0.5574781894683838, 0.5555679202079773, 0.5611497759819031, 0.5487560033798218, 0.5472009778022766, 0.5451716184616089, 0.5416585803031921, 0.5399919748306274, 0.5432153344154358, 0.5310143828392029, 0.530939519405365, 0.5358092188835144, 0.5315867066383362, 0.5296272039413452, 0.5227853655815125, 0.5204656720161438, 0.524375319480896, 0.5186740756034851, 0.5185227394104004, 0.5162768959999084, 0.5112221240997314, 0.5087298154830933, 0.5091651678085327, 0.5038108825683594, 0.5022436380386353, 0.5011472702026367, 0.49922120571136475, 0.4970882534980774, 0.49733471870422363, 0.4951940178871155, 0.49179592728614807, 0.49760371446609497, 0.4946233332157135, 0.48807013034820557, 0.4846556782722473, 0.4856269061565399, 0.485160231590271, 0.48412349820137024, 0.480324387550354, 0.4828030467033386, 0.48124247789382935, 0.4796378016471863, 0.4782055616378784, 0.47666826844215393, 0.47516727447509766, 0.4736938774585724, 0.4722517132759094, 0.4708619713783264, 0.46947890520095825, 0.4681183099746704, 0.466758131980896, 0.4654275178909302, 0.46412450075149536, 0.46282726526260376, 0.4615609049797058, 0.46031996607780457, 0.4590895473957062, 0.45788201689720154, 0.45669877529144287, 0.4555358588695526, 0.45437854528427124, 0.45324572920799255, 0.4521329402923584, 0.45103710889816284, 0.4499548673629761, 0.4489010274410248, 0.4478573501110077, 0.44683754444122314, 0.4458332061767578, 0.4448522627353668, 0.44388338923454285, 0.442932665348053],