{"loss": [0.6401795744895935, 0.625700056552887, 0.6182018518447876, 0.6133533716201782, 0.6080194711685181, 0.6024546027183533, 0.5976502895355225, 0.5930970311164856, 0.5882082581520081, 0.5838896036148071, 0.5793581604957581, 0.5749346017837524, 0.5704838037490845, 0.5665376782417297, 0.5620886087417603, 0.5578550100326538, 0.5536472201347351, 0.5493219494819641, 0.545769453048706, 0.541053831577301, 0.5367719531059265, 0.5326660871505737, 0.5286469459533691, 0.524648129940033, 0.5206739902496338, 0.5167204737663269, 0.512794554233551, 0.5088902115821838, 0.505013644695282, 0.5011613965034485, 0.497336208820343, 0.4935285151004791, 0.48974502086639404, 0.4859839975833893, 0.4822481572628021, 0.47853007912635803, 0.47484996914863586, 0.47117891907691956, 0.4675411283969879, 0.46391764283180237, 0.46033111214637756, 0.45675602555274963, 0.4532063603401184, 0.4496786594390869, 0.44616949558258057, 0.4426887631416321, 0.43922752141952515, 0.4357905685901642, 0.43237361311912537, 0.42899128794670105, 0.4256196916103363, 0.42227470874786377, 0.41894614696502686, 0.4156463146209717, 0.412362277507782, 0.4091092348098755, 0.405877023935318, 0.4026713967323303, 0.399478942155838, 0.39631229639053345, 0.39316749572753906, 0.39004775881767273, 0.38693690299987793, 0.3838440179824829, 0.3807826340198517, 0.3777421712875366, 0.3747175931930542, 0.37171420454978943, 0.36872807145118713, 0.3657711446285248, 0.362831711769104, 0.3599125146865845, 0.35701489448547363, 0.3541378378868103, 0.35128065943717957, 0.3484415113925934, 0.3456301987171173, 0.3428371846675873, 0.34006553888320923, 0.337306946516037, 0.3345712721347809, 0.3318568170070648, 0.3291556239128113, 0.3264797329902649, 0.3238202929496765, 0.321175217628479, 0.31855714321136475, 0.31595590710639954, 0.313382625579834, 0.3108261525630951, 0.3082895874977112, 0.3057667016983032, 0.3032607138156891, 0.30078327655792236, 0.2983075678348541, 0.2958622872829437, 0.29343903064727783, 0.2910284101963043, 0.2886417508125305, 0.28626739978790283], "accuracy": [0.8784375190734863, 0.9490625262260437, 0.9696875214576721, 0.9731249809265137, 0.9789062738418579, 0.9854687452316284, 0.9878125190734863, 0.9889062643051147, 0.991406261920929, 0.9915624856948853, 0.9925000071525574, 0.992968738079071, 0.9939062595367432, 0.9931250214576721, 0.9937499761581421, 0.9940624833106995, 0.9943749904632568, 0.9948437213897705, 0.9931250214576721, 0.9951562285423279, 0.9957812428474426, 0.9959375262260437, 0.9959375262260437, 0.9959375262260437, 0.9959375262260437, 0.9959375262260437, 0.9959375262260437, 0.9959375262260437, 0.9959375262260437, 0.9959375262260437, 0.9959375262260437, 0.9959375262260437, 0.9959375262260437, 0.9959375262260437, 0.9959375262260437, 0.9959375262260437, 0.9959375262260437, 0.9959375262260437, 0.9959375262260437, 0.9959375262260437, 0.9959375262260437, 0.9959375262260437, 0.9959375262260437, 0.9959375262260437, 0.9959375262260437, 0.9959375262260437, 0.9959375262260437, 0.9959375262260437, 0.9959375262260437, 0.9959375262260437, 0.9959375262260437, 0.9959375262260437, 0.9959375262260437, 0.9959375262260437, 0.9959375262260437, 0.9959375262260437, 0.9959375262260437, 0.9959375262260437, 0.9959375262260437, 0.9959375262260437, 0.9959375262260437, 0.9959375262260437, 0.9959375262260437, 0.9959375262260437, 0.9959375262260437, 0.9959375262260437, 0.9959375262260437, 0.9959375262260437, 0.9959375262260437, 0.9959375262260437, 0.9959375262260437, 0.9959375262260437, 0.9959375262260437, 0.9959375262260437, 0.9959375262260437, 0.9959375262260437, 0.9959375262260437, 0.9959375262260437, 0.9959375262260437, 0.9959375262260437, 0.9959375262260437, 0.9959375262260437, 0.9959375262260437, 0.9959375262260437, 0.9959375262260437, 0.9959375262260437, 0.9959375262260437, 0.9959375262260437, 0.9959375262260437, 0.9959375262260437, 0.9959375262260437, 0.9959375262260437, 0.9959375262260437, 0.9959375262260437, 0.9959375262260437, 0.9959375262260437, 0.9959375262260437, 0.9959375262260437, 0.9959375262260437, 0.9959375262260437], "val_loss": [0.629766047000885, 0.6256179213523865, 0.6192136406898499, 0.6153765320777893, 0.6131231784820557, 0.6070096492767334, 0.6066532731056213, 0.6011929512023926, 0.5946503281593323, 0.5947632789611816, 0.5875864624977112, 0.5824376344680786, 0.5790210962295532, 0.5747756958007812, 0.5711818933486938, 0.5671184062957764, 0.5652362108230591, 0.5770984292030334, 0.5575664639472961, 0.5546868443489075, 0.5498477816581726, 0.54717618227005, 0.5423377156257629, 0.5388562083244324, 0.5352952480316162, 0.5317673087120056, 0.5282561182975769, 0.5247693657875061, 0.5213112831115723, 0.5178941488265991, 0.5144967436790466, 0.5111181735992432, 0.5077577829360962, 0.5044224262237549, 0.5010997653007507, 0.49780571460723877, 0.4945572018623352, 0.49131065607070923, 0.4880892038345337, 0.484893262386322, 0.48171156644821167, 0.4785827696323395, 0.4754287302494049, 0.4723152816295624, 0.4692245125770569, 0.4661683738231659, 0.4631248414516449, 0.4601341485977173, 0.4571235179901123, 0.45416146516799927, 0.45120376348495483, 0.44828861951828003, 0.4453889727592468, 0.4425080120563507, 0.43963199853897095, 0.4368152916431427, 0.4340381920337677, 0.43125706911087036, 0.4284459948539734, 0.42571452260017395, 0.42303839325904846, 0.42035582661628723, 0.4176402986049652, 0.4150260090827942, 0.4123903512954712, 0.40976089239120483, 0.40718787908554077, 0.40461495518684387, 0.40207478404045105, 0.39959827065467834, 0.3971022665500641, 0.3946418762207031, 0.39212971925735474, 0.3897134065628052, 0.38732823729515076, 0.3849219083786011, 0.3825487196445465, 0.38015833497047424, 0.3778134286403656, 0.37547537684440613, 0.37322425842285156, 0.37097081542015076, 0.36867043375968933, 0.36638572812080383, 0.3641873896121979, 0.36198675632476807, 0.35983094573020935, 0.3576786518096924, 0.35557395219802856, 0.3534102141857147, 0.35132259130477905, 0.34921348094940186, 0.3471912443637848, 0.34503090381622314, 0.3430353105068207, 0.3410030007362366, 0.33897408843040466, 0.33701708912849426, 0.3350674510002136, 0.33309394121170044],