{"loss": [1.2673474550247192, 0.8090762495994568, 0.6404675841331482, 0.5238726139068604, 0.4346637427806854, 0.3798048198223114, 0.3274904489517212, 0.25904208421707153], "accuracy": [0.5331149697303772, 0.6982532739639282, 0.7540029287338257, 0.8053129315376282, 0.8384279608726501, 0.85756915807724, 0.8805676698684692, 0.9058223962783813], "val_loss": [0.6792676448822021, 0.6013052463531494, 0.5429769158363342, 0.5376173257827759, 0.5314782857894897, 0.5679951906204224, 0.5809945464134216, 0.5592958331108093], "val_accuracy": [0.7358490824699402, 0.7741745114326477, 0.7951061129570007, 0.7998231053352356, 0.8068985939025879, 0.807488203048706, 0.8030660152435303, 0.8122051954269409]}