{"loss": [1.3598198890686035, 0.8973889350891113, 0.7074509263038635, 0.6070637106895447, 0.5134957432746887, 0.44148755073547363, 0.3813384473323822, 0.32316067814826965, 0.2658846974372864], "accuracy": [0.4958515167236328, 0.6588063836097717, 0.7331877946853638, 0.7700145840644836, 0.8046579360961914, 0.8339883685112, 0.8572052121162415, 0.8804221153259277, 0.9068413376808167], "val_loss": [0.7463732361793518, 0.6152235865592957, 0.5718830823898315, 0.5650352239608765, 0.5706782341003418, 0.5630778670310974, 0.5941175222396851, 0.6077718734741211, 0.6429230570793152], "val_accuracy": [0.7163915038108826, 0.7629716992378235, 0.7800707817077637, 0.7791863083839417, 0.7839033007621765, 0.7886202931404114, 0.7850825190544128, 0.7797759175300598, 0.7788915038108826]}