{"loss": [0.6061644554138184, 0.5894330143928528, 0.5844249725341797, 0.5782756209373474, 0.5733845233917236, 0.5688735246658325, 0.5646297931671143, 0.5592598915100098, 0.5548655986785889, 0.5500255227088928, 0.5455334186553955, 0.541561484336853, 0.5374947190284729, 0.5331181883811951, 0.5290518403053284, 0.5250146985054016, 0.5209483504295349, 0.5166571736335754, 0.512647271156311, 0.508745551109314, 0.5049754977226257, 0.5010342597961426, 0.4972597360610962, 0.49350807070732117, 0.4897879362106323, 0.4860863983631134, 0.48239922523498535, 0.4787473976612091, 0.4751160144805908, 0.47150540351867676, 0.4679165780544281, 0.4643515348434448, 0.46080875396728516, 0.45728492736816406, 0.4537895619869232, 0.4503248929977417, 0.44688138365745544, 0.4434524178504944, 0.44004613161087036, 0.43666529655456543, 0.433313250541687, 0.42998024821281433, 0.4266723692417145, 0.4233822524547577, 0.4201164245605469, 0.4168661832809448, 0.4138166904449463, 0.4107784330844879, 0.4075773358345032, 0.4039640426635742, 0.4018872082233429, 0.3974979817867279, 0.3941519558429718, 0.39095932245254517, 0.38790011405944824, 0.38485148549079895, 0.38183310627937317, 0.37884408235549927, 0.3758639395236969, 0.37291061878204346, 0.3699794113636017, 0.36730170249938965, 0.36418986320495605, 0.36118564009666443, 0.35833701491355896, 0.35550475120544434, 0.35269972681999207, 0.3499215841293335, 0.3471519947052002, 0.3444073498249054, 0.34168538451194763, 0.3389741778373718, 0.3362848162651062, 0.3336252272129059, 0.33097317814826965, 0.3283456563949585, 0.32573840022087097, 0.3231441378593445, 0.32057350873947144, 0.3180209696292877, 0.31549596786499023, 0.312979519367218, 0.3104768395423889, 0.30800530314445496, 0.3055473566055298, 0.30310967564582825, 0.3006852865219116, 0.2982810139656067, 0.295897513628006, 0.29354017972946167, 0.2911890149116516, 0.2888646423816681, 0.2865530252456665, 0.2842641770839691, 0.28199198842048645, 0.279727578163147, 0.2774862051010132, 0.2752736210823059, 0.2730611562728882, 0.27087637782096863], "accuracy": [0.9029687643051147, 0.9606249928474426, 0.964062511920929, 0.97265625, 0.9754687547683716, 0.977343738079071, 0.9776562452316284, 0.9820312261581421, 0.9831249713897705, 0.9857812523841858, 0.9871875047683716, 0.9870312213897705, 0.9873437285423279, 0.9884374737739563, 0.9887499809265137, 0.989062488079071, 0.9895312786102295, 0.9906250238418579, 0.9909374713897705, 0.9910937547683716, 0.9909374713897705, 0.9912499785423279, 0.9912499785423279, 0.9912499785423279, 0.9912499785423279, 0.9912499785423279, 0.9912499785423279, 0.9912499785423279, 0.9912499785423279, 0.9912499785423279, 0.9912499785423279, 0.9912499785423279, 0.9912499785423279, 0.9912499785423279, 0.9912499785423279, 0.9912499785423279, 0.9912499785423279, 0.9912499785423279, 0.9912499785423279, 0.9912499785423279, 0.9912499785423279, 0.9912499785423279, 0.9912499785423279, 0.9912499785423279, 0.9912499785423279, 0.9912499785423279, 0.9909374713897705, 0.9907812476158142, 0.9907812476158142, 0.991406261920929, 0.9896875023841858, 0.9917187690734863, 0.9920312762260437, 0.9921875, 0.9921875, 0.9921875, 0.9921875, 0.9921875, 0.9921875, 0.9921875, 0.9921875, 0.9918749928474426, 0.9921875, 0.9923437237739563, 0.9923437237739563, 0.9923437237739563, 0.9923437237739563, 0.9923437237739563, 0.9923437237739563, 0.9923437237739563, 0.9923437237739563, 0.9923437237739563, 0.9923437237739563, 0.9923437237739563, 0.9923437237739563, 0.9923437237739563, 0.9923437237739563, 0.9923437237739563, 0.9923437237739563, 0.9923437237739563, 0.9923437237739563, 0.9923437237739563, 0.9923437237739563, 0.9923437237739563, 0.9923437237739563, 0.9923437237739563, 0.9923437237739563, 0.9923437237739563, 0.9923437237739563, 0.9923437237739563, 0.9923437237739563, 0.9923437237739563, 0.9923437237739563, 0.9923437237739563, 0.9923437237739563, 0.9923437237739563, 0.9923437237739563, 0.9923437237739563, 0.9923437237739563, 0.9923437237739563], "val_loss": [0.5913675427436829, 0.5858396291732788, 0.582008957862854, 0.5854477882385254, 0.572719395160675, 0.5683866143226624, 0.5631294846534729, 0.5604923367500305, 0.5564048290252686, 0.5526313185691833, 0.5499060153961182, 0.5449466109275818, 0.5418692231178284, 0.5371040105819702, 0.534346342086792, 0.5287330746650696, 0.5259643197059631, 0.5209365487098694, 0.5178014636039734, 0.5131863951683044, 0.509423017501831, 0.5063071250915527, 0.5028122663497925, 0.4992680847644806, 0.49575045704841614, 0.4922509789466858, 0.4887770712375641, 0.48531532287597656, 0.4818781018257141, 0.4784604609012604, 0.47505879402160645, 0.471688836812973, 0.4683333933353424, 0.4650021493434906, 0.4616991877555847, 0.4584207534790039, 0.45516228675842285, 0.45192569494247437, 0.4487176239490509, 0.4455355405807495, 0.44238340854644775, 0.43925777077674866, 0.4361732602119446, 0.43314528465270996, 0.430307537317276, 0.4272380769252777, 0.4233320355415344, 0.42079147696495056, 0.41801634430885315, 0.41433003544807434, 0.4137961268424988, 0.41229477524757385, 0.408685564994812, 0.40582260489463806, 0.4029839336872101, 0.4001792073249817, 0.3973805904388428, 0.39460670948028564, 0.3918229639530182, 0.3890455663204193, 0.386122465133667, 0.38287118077278137, 0.38264480233192444, 0.3769854009151459, 0.3742581605911255, 0.3715832233428955, 0.3689548075199127, 0.3663531541824341, 0.3637651801109314, 0.3612044155597687, 0.3586649000644684, 0.3561462461948395, 0.35364440083503723, 0.3511695861816406, 0.34870362281799316, 0.3462645411491394, 0.3438446819782257, 0.34144359827041626, 0.3390633463859558, 0.3367025852203369, 0.33436107635498047, 0.33203524351119995, 0.32972487807273865, 0.3274427056312561, 0.3251728117465973, 0.3229289948940277, 0.32069697976112366, 0.3184845745563507, 0.3162950277328491, 0.3141250014305115, 0.311964213848114, 0.3098279535770416, 0.30771005153656006, 0.3056095242500305, 0.30352118611335754, 0.30144503712654114, 0.2993996739387512, 0.2973715662956238, 0.2953522503376007, 0.2933567762374878], "val_accuracy": [0.9574999809265137, 0.9624999761581421, 0.9612500071525574, 0.9337499737739563, 0.9681249856948853, 0.9681249856948853, 0.9737499952316284, 0.9693750143051147, 0.9712499976158142, 0.9700000286102295, 0.9662500023841858, 0.9706249833106995, 0.96875, 0.9712499976158142, 0.96875, 0.9731249809265137, 0.9712499976158142, 0.9743750095367432, 0.9731249809265137, 0.9756249785423279, 0.9756249785423279, 0.9743750095367432, 0.9743750095367432, 0.9743750095367432, 0.9743750095367432, 0.9743750095367432, 0.9743750095367432, 0.9743750095367432, 0.9743750095367432, 0.9743750095367432, 0.9743750095367432, 0.9743750095367432, 0.9743750095367432, 0.9743750095367432, 0.9743750095367432, 0.9743750095367432, 0.9743750095367432, 0.9743750095367432, 0.9743750095367432, 0.9743750095367432, 0.9743750095367432, 0.9743750095367432, 0.9737499952316284, 0.9737499952316284, 0.9737499952316284, 0.9731249809265137, 0.9743750095367432, 0.9737499952316284, 0.9731249809265137, 0.9743750095367432, 0.9712499976158142, 0.9693750143051147, 0.9700000286102295, 0.9700000286102295, 0.9700000286102295, 0.9700000286102295, 0.9700000286102295, 0.9700000286102295, 0.9700000286102295, 0.9700000286102295, 0.9706249833106995, 0.9712499976158142, 0.9681249856948853, 0.9712499976158142, 0.9725000262260437, 0.9725000262260437, 0.9725000262260437, 0.9725000262260437, 0.9725000262260437, 0.9725000262260437, 0.9725000262260437, 0.9725000262260437, 0.9725000262260437, 0.9725000262260437, 0.9725000262260437, 0.9725000262260437, 0.9725000262260437, 0.9725000262260437, 0.9725000262260437, 0.9725000262260437, 0.9725000262260437, 0.9725000262260437, 0.9725000262260437, 0.9725000262260437, 0.9725000262260437, 0.9725000262260437, 0.9725000262260437, 0.9725000262260437, 0.9725000262260437, 0.9725000262260437, 0.9725000262260437, 0.971875011920929, 0.971875011920929, 0.971875011920929, 0.971875011920929, 0.971875011920929, 0.971875011920929, 0.9725000262260437, 0.9725000262260437, 0.9725000262260437]}