{"loss": [1.2569392919540405, 0.7902839779853821, 0.6302367448806763, 0.5138249397277832, 0.43696504831314087, 0.3667318522930145, 0.30992773175239563, 0.260094553232193, 0.20855683088302612], "accuracy": [0.5355895161628723, 0.7006550431251526, 0.7622998356819153, 0.805895209312439, 0.8379912376403809, 0.8644104599952698, 0.8851528167724609, 0.9050218462944031, 0.9266375303268433], "val_loss": [0.6910768747329712, 0.6060774326324463, 0.5693017840385437, 0.5612139701843262, 0.5614219307899475, 0.5590898990631104, 0.5794183611869812, 0.6017420887947083, 0.6415072083473206], "val_accuracy": [0.7379127144813538, 0.7732900977134705, 0.7912735939025879, 0.7951061129570007, 0.8015919923782349, 0.8024764060974121, 0.801886796951294, 0.8060141801834106, 0.7954009175300598]}