{"loss": [0.6306062936782837, 0.615607738494873, 0.6065147519111633, 0.600566029548645, 0.5968807339668274, 0.5902121663093567, 0.5848450660705566, 0.5803482532501221, 0.5743046402931213, 0.5697890520095825, 0.5676673650741577, 0.5597455501556396, 0.5545570850372314, 0.5507990121841431, 0.5458358526229858, 0.5419105887413025, 0.5364939570426941, 0.5329187512397766, 0.5291092395782471, 0.5226097106933594], "accuracy": [0.7646874785423279, 0.8104687333106995, 0.8345312476158142, 0.8460937738418579, 0.8506249785423279, 0.8621875047683716, 0.870312511920929, 0.8753125071525574, 0.8843749761581421, 0.8895312547683716, 0.8876562714576721, 0.9010937213897705, 0.9060937762260437, 0.9079687595367432, 0.9126562476158142, 0.914843738079071, 0.9204687476158142, 0.9215624928474426, 0.9223437309265137, 0.9312499761581421], "val_loss": [0.6177549362182617, 0.6130679249763489, 0.6089690923690796, 0.6123628616333008, 0.6104727387428284, 0.5978939533233643, 0.6004514694213867, 0.6250506043434143, 0.5914595723152161, 0.5900728106498718, 0.5831674933433533, 0.5849246978759766, 0.5788919925689697, 0.5772051215171814, 0.5736416578292847, 0.5760997533798218, 0.5631092190742493, 0.5737836360931396, 0.5665823817253113, 0.5633088946342468], "val_accuracy": [0.8068749904632568, 0.8149999976158142, 0.8206250071525574, 0.8031250238418579, 0.8025000095367432, 0.8324999809265137, 0.8187500238418579, 0.7393749952316284, 0.8306249976158142, 0.828125, 0.8393750190734863, 0.8262500166893005, 0.8381249904632568, 0.8362500071525574, 0.8412500023841858, 0.8287500143051147, 0.8531249761581421, 0.8231250047683716, 0.8362500071525574, 0.8374999761581421]}