{"loss": [1.2929309606552124, 0.8271489143371582, 0.6945008039474487, 0.6649842858314514, 0.6322451233863831, 0.606535017490387, 0.59311443567276, 0.592822790145874, 0.5778535604476929], "accuracy": [0.6190624833106995, 0.6424999833106995, 0.6664062738418579, 0.6596875190734863, 0.6759374737739563, 0.6931250095367432, 0.6968749761581421, 0.6896874904632568, 0.7024999856948853], "val_loss": [0.747153639793396, 0.5919422507286072, 0.592702329158783, 0.592989981174469, 0.584018886089325, 0.5658578872680664, 0.5783027410507202, 0.5861198902130127, 0.5779948234558105], "val_accuracy": [0.6568750143051147, 0.6706249713897705, 0.6625000238418579, 0.6856250166893005, 0.6837499737739563, 0.690625011920929, 0.6806250214576721, 0.6606249809265137, 0.6818749904632568]}