{"loss": [0.6296676397323608, 0.6103934645652771, 0.6039914488792419, 0.5993444323539734, 0.5946916937828064, 0.590032696723938, 0.5856762528419495, 0.581740140914917, 0.5774825215339661, 0.5749457478523254, 0.5690917372703552, 0.5663142800331116, 0.5607518553733826, 0.5571963787078857, 0.5523002743721008, 0.548804759979248, 0.5454803109169006, 0.5427015423774719, 0.5374850630760193, 0.5338813662528992, 0.5316712856292725, 0.5266222953796387, 0.5235334038734436, 0.5190814733505249, 0.515511691570282, 0.5125055909156799, 0.5084578394889832, 0.5041098594665527, 0.5012376308441162, 0.4965790808200836, 0.494060218334198, 0.48916324973106384, 0.48645567893981934, 0.4828924536705017, 0.47961926460266113, 0.4758259952068329, 0.47335588932037354, 0.46897372603416443, 0.46653902530670166, 0.46035656332969666, 0.45971575379371643, 0.45460209250450134, 0.4516977071762085, 0.4458989202976227, 0.44454634189605713, 0.4419989287853241, 0.43726691603660583, 0.4335772693157196, 0.43170055747032166, 0.4282507598400116, 0.4247589409351349, 0.41994398832321167, 0.41627204418182373, 0.4174840450286865, 0.41443440318107605, 0.4068998694419861, 0.40674522519111633, 0.40478962659835815, 0.3996766209602356, 0.3979548215866089, 0.39227500557899475, 0.389774888753891, 0.38822707533836365, 0.3851388990879059, 0.3812984824180603, 0.3800475299358368, 0.37729740142822266, 0.3740394711494446, 0.36903172731399536, 0.3678365647792816, 0.36251819133758545, 0.3631768822669983, 0.35823237895965576, 0.3558611571788788, 0.35326600074768066, 0.3509550988674164, 0.3472703695297241, 0.34353622794151306, 0.3436466157436371, 0.3409310281276703, 0.3337613344192505, 0.33151111006736755], "accuracy": [0.8553125262260437, 0.9193750023841858, 0.9301562309265137, 0.9334375262260437, 0.9364062547683716, 0.9412500262260437, 0.9435937404632568, 0.9429687261581421, 0.9459375143051147, 0.9412500262260437, 0.9482812285423279, 0.9467187523841858, 0.9524999856948853, 0.9520312547683716, 0.9554687738418579, 0.9559375047683716, 0.9545312523841858, 0.9509375095367432, 0.9565625190734863, 0.9551562666893005, 0.9532812237739563, 0.9571874737739563, 0.9553124904632568, 0.9587500095367432, 0.9581249952316284, 0.957812488079071, 0.9589062333106995, 0.9609375, 0.9590625166893005, 0.9623437523841858, 0.9593750238418579, 0.9631249904632568, 0.9626562595367432, 0.9634374976158142, 0.964062511920929, 0.9643750190734863, 0.9623437523841858, 0.9637500047683716, 0.9626562595367432, 0.9681249856948853, 0.9646875262260437, 0.9670312404632568, 0.9673437476158142, 0.9712499976158142, 0.9693750143051147, 0.967968761920929, 0.9700000286102295, 0.9710937738418579, 0.9690625071525574, 0.9700000286102295, 0.9709374904632568, 0.9735937714576721, 0.9745312333106995, 0.967968761920929, 0.9678124785423279, 0.975781261920929, 0.9725000262260437, 0.9701562523841858, 0.9729687571525574, 0.971875011920929, 0.9753124713897705, 0.9753124713897705, 0.9735937714576721, 0.9743750095367432, 0.9750000238418579, 0.9739062786102295, 0.9737499952316284, 0.9737499952316284, 0.9775000214576721, 0.9756249785423279, 0.9782812595367432, 0.9750000238418579, 0.9776562452316284, 0.9776562452316284, 0.9765625, 0.9765625, 0.9779687523841858, 0.9789062738418579, 0.9764062762260437, 0.9768750071525574, 0.9820312261581421, 0.9817187786102295], "val_loss": [0.6089627742767334, 0.6050581932067871, 0.5972246527671814, 0.5969638228416443, 0.5883790850639343, 0.5845577120780945, 0.5815528035163879, 0.5794187188148499, 0.5738795399665833, 0.56984543800354, 0.5683198571205139, 0.5666775107383728, 0.5650890469551086, 0.5552334189414978, 0.5517825484275818, 0.5445392727851868, 0.540861189365387, 0.5389940738677979, 0.5373054146766663, 0.5311871767044067, 0.5335431098937988, 0.525693953037262, 0.5217323899269104, 0.5202834010124207, 0.5137752890586853, 0.5117967128753662, 0.5057113170623779, 0.5076680183410645, 0.5062018036842346, 0.49972325563430786, 0.4909712076187134, 0.48852500319480896, 0.4891931116580963, 0.48845210671424866, 0.4807727038860321, 0.47599080204963684, 0.4737685024738312, 0.4713308811187744, 0.4692079424858093, 0.46229293942451477, 0.46462300419807434, 0.4637422561645508, 0.45663395524024963, 0.4553985595703125, 0.45513996481895447, 0.4484763741493225, 0.4472123086452484, 0.44273871183395386, 0.44023197889328003, 0.4347762167453766, 0.43592143058776855, 0.42618224024772644, 0.43575286865234375, 0.42794162034988403, 0.42110157012939453, 0.42287349700927734, 0.41676411032676697, 0.41666412353515625, 0.4093475341796875, 0.40528404712677, 0.4053436517715454, 0.40244060754776, 0.4098230004310608, 0.4024934768676758, 0.4000004529953003, 0.39433443546295166, 0.3862839639186859, 0.3908986747264862, 0.38438141345977783, 0.39067304134368896, 0.38617900013923645, 0.37794944643974304, 0.3739849925041199, 0.37680134177207947, 0.3766619563102722, 0.36546456813812256, 0.3780018985271454, 0.3645874857902527, 0.3584701120853424, 0.3663565516471863, 0.3587488532066345, 0.35903090238571167], "val_accuracy": [0.9375, 0.934374988079071, 0.956250011920929, 0.9356250166893005, 0.9587500095367432, 0.9574999809265137, 0.9537500143051147, 0.9481250047683716, 0.9543750286102295, 0.9543750286102295, 0.9474999904632568, 0.9393749833106995, 0.934374988079071, 0.9556249976158142, 0.9537500143051147, 0.9631249904632568, 0.9637500047683716, 0.9581249952316284, 0.9537500143051147, 0.9587500095367432, 0.9443749785423279, 0.9549999833106995, 0.9574999809265137, 0.9518749713897705, 0.9581249952316284, 0.956250011920929, 0.9606249928474426, 0.9512500166893005, 0.9456250071525574, 0.953125, 0.9631249904632568, 0.9637500047683716, 0.9549999833106995, 0.9487500190734863, 0.9593750238418579, 0.9612500071525574, 0.9581249952316284, 0.9593750238418579, 0.9574999809265137, 0.9637500047683716, 0.9549999833106995, 0.949999988079071, 0.956250011920929, 0.9549999833106995, 0.949999988079071, 0.9556249976158142, 0.9543750286102295, 0.9556249976158142, 0.953125, 0.9593750238418579, 0.9524999856948853, 0.9631249904632568, 0.9449999928474426, 0.9512500166893005, 0.9587500095367432, 0.9518749713897705, 0.9556249976158142, 0.9524999856948853, 0.9574999809265137, 0.9612500071525574, 0.9581249952316284, 0.9574999809265137, 0.9443749785423279, 0.9524999856948853, 0.9506250023841858, 0.9549999833106995, 0.9624999761581421, 0.953125, 0.9574999809265137, 0.9487500190734863, 0.9493749737739563, 0.9556249976158142, 0.9581249952316284, 0.9518749713897705, 0.9506250023841858, 0.9599999785423279, 0.9443749785423279, 0.9568750262260437, 0.9581249952316284, 0.9487500190734863, 0.9556249976158142, 0.9524999856948853]}