{"loss": [0.6618400812149048, 0.6479626297950745, 0.6454514265060425, 0.6407269835472107, 0.6393733620643616, 0.6367584466934204, 0.6331092715263367, 0.631334125995636, 0.6299587488174438, 0.6290299296379089, 0.6223258972167969, 0.6230577230453491, 0.6199787855148315, 0.6183464527130127, 0.6174318194389343, 0.613063633441925, 0.6133455038070679, 0.6144554615020752, 0.6084256172180176, 0.6045701503753662, 0.6082921028137207, 0.6073771119117737, 0.6045185327529907, 0.603486955165863, 0.5995041131973267, 0.5979132056236267, 0.5958172678947449, 0.5975222587585449, 0.5971911549568176, 0.5932187438011169, 0.5936964750289917, 0.592923104763031, 0.5887006521224976, 0.584338903427124, 0.5836898684501648, 0.5855197310447693, 0.5811161994934082, 0.583984375, 0.5787908434867859, 0.577596127986908, 0.5764865875244141, 0.5814283490180969, 0.5739604830741882, 0.5744669437408447, 0.5820004343986511, 0.5736264586448669, 0.5707547664642334, 0.574389636516571, 0.5648621916770935, 0.5662455558776855, 0.569448709487915, 0.5731731653213501, 0.5685877203941345, 0.5625184178352356, 0.5612748861312866, 0.5627326369285583], "accuracy": [0.643750011920929, 0.6812499761581421, 0.6885937452316284, 0.7018749713897705, 0.6976562738418579, 0.7012500166893005, 0.7065625190734863, 0.7067187428474426, 0.7120312452316284, 0.7059375047683716, 0.719531238079071, 0.7090625166893005, 0.7143750190734863, 0.7220312356948853, 0.7112500071525574, 0.7228124737739563, 0.7178124785423279, 0.7145312428474426, 0.7160937786102295, 0.7262499928474426, 0.7185937762260437, 0.7114062309265137, 0.71484375, 0.7089062333106995, 0.7265625, 0.71484375, 0.7210937738418579, 0.7143750190734863, 0.7131249904632568, 0.7162500023841858, 0.7178124785423279, 0.7124999761581421, 0.719531238079071, 0.7270312309265137, 0.7212499976158142, 0.7178124785423279, 0.7235937714576721, 0.7174999713897705, 0.7223437428474426, 0.7235937714576721, 0.7239062786102295, 0.7104687690734863, 0.7287499904632568, 0.7275000214576721, 0.7098437547683716, 0.7271875143051147, 0.7189062237739563, 0.7157812714576721, 0.7328125238418579, 0.73046875, 0.72265625, 0.7114062309265137, 0.7176562547683716, 0.7246875166893005, 0.7184374928474426, 0.7154687643051147], "val_loss": [0.6432757377624512, 0.6436594128608704, 0.6334006786346436, 0.6283904910087585, 0.6282579898834229, 0.6266175508499146, 0.6257840991020203, 0.6204867959022522, 0.6223859190940857, 0.6144171953201294, 0.6158173084259033, 0.6143026947975159, 0.609338104724884, 0.6102063655853271, 0.6089215874671936, 0.6051887273788452, 0.6027156114578247, 0.599902331829071, 0.6042031645774841, 0.5968327522277832, 0.5953530669212341, 0.5949994921684265, 0.5941184163093567, 0.5989657044410706, 0.5865790247917175, 0.5838701128959656, 0.5842995643615723, 0.5823798179626465, 0.5836890339851379, 0.5759615302085876, 0.577289342880249, 0.5739015936851501, 0.5736179351806641, 0.5709027647972107, 0.5706968903541565, 0.5671108961105347, 0.5661399960517883, 0.5626599788665771, 0.5665609836578369, 0.5596272349357605, 0.5634952783584595, 0.5604820251464844, 0.5593488812446594, 0.5580171346664429, 0.5551939010620117, 0.559069812297821, 0.5558466911315918, 0.551876425743103, 0.5506845116615295, 0.5504069924354553, 0.541206419467926, 0.5418503284454346, 0.5410574078559875, 0.5427310466766357, 0.5469512939453125, 0.5457156896591187], "val_accuracy": [0.7662500143051147, 0.7556250095367432, 0.7906249761581421, 0.8025000095367432, 0.7981250286102295, 0.7962499856948853, 0.7887499928474426, 0.7993749976158142, 0.7850000262260437, 0.8087499737739563, 0.796875, 0.7943750023841858, 0.8056250214576721, 0.7943750023841858, 0.7931249737739563, 0.7981250286102295, 0.7987499833106995, 0.8018749952316284, 0.7868750095367432, 0.8012499809265137, 0.8006250262260437, 0.796875, 0.7900000214576721, 0.7774999737739563, 0.8050000071525574, 0.8087499737739563, 0.8012499809265137, 0.8025000095367432, 0.7956249713897705, 0.8081250190734863, 0.8037499785423279, 0.8075000047683716, 0.8025000095367432, 0.8056250214576721, 0.8037499785423279, 0.8087499737739563, 0.8043749928474426, 0.8087499737739563, 0.7993749976158142, 0.8106250166893005, 0.8018749952316284, 0.8037499785423279, 0.8056250214576721, 0.8037499785423279, 0.8062499761581421, 0.7993749976158142, 0.800000011920929, 0.8043749928474426, 0.8043749928474426, 0.7956249713897705, 0.8162500262260437, 0.8037499785423279, 0.8068749904632568, 0.8043749928474426, 0.7762500047683716, 0.7724999785423279]}