{"loss": [0.7179430723190308, 0.5295279026031494, 0.4879957139492035, 0.46394407749176025, 0.44512224197387695, 0.42721471190452576, 0.4191855192184448, 0.40400099754333496, 0.3966279923915863, 0.38109448552131653, 0.3644609749317169, 0.3602930009365082, 0.35172903537750244], "accuracy": [0.7388646006584167, 0.7973071336746216, 0.8103348016738892, 0.8202328681945801, 0.8229257464408875, 0.8337700366973877, 0.8354439735412598, 0.845487654209137, 0.841266393661499, 0.8497816324234009, 0.8580785989761353, 0.8560407757759094, 0.8608442544937134], "val_loss": [0.4527352452278137, 0.4525051712989807, 0.45905643701553345, 0.42341506481170654, 0.43093055486679077, 0.41747352480888367, 0.42382553219795227, 0.43902552127838135, 0.4116472601890564, 0.40254920721054077, 0.40877190232276917, 0.4098929762840271, 0.4093337059020996], "val_accuracy": [0.8172169923782349, 0.807193398475647, 0.8077830076217651, 0.8352004885673523, 0.8254716992378235, 0.8298938870429993, 0.8295990824699402, 0.8275353908538818, 0.8310731053352356, 0.8422759175300598, 0.8343160152435303, 0.8275353908538818, 0.8343160152435303]}