{"loss": [0.7030245065689087, 0.4718538522720337, 0.4074084162712097, 0.3773425817489624, 0.3585541844367981, 0.34801632165908813, 0.34448257088661194, 0.3331405520439148], "accuracy": [0.7903125286102295, 0.813281238079071, 0.8303124904632568, 0.8403124809265137, 0.8421875238418579, 0.8492187261581421, 0.8543750047683716, 0.8598437309265137], "val_loss": [0.3599258065223694, 0.32607609033584595, 0.3296034336090088, 0.313826322555542, 0.3126307725906372, 0.32065123319625854, 0.3214356601238251, 0.3169492483139038], "val_accuracy": [0.8525000214576721, 0.8662499785423279, 0.859375, 0.8687499761581421, 0.8600000143051147, 0.8581249713897705, 0.8568750023841858, 0.8650000095367432]}