{"loss": [0.6135339736938477, 0.5997594594955444, 0.5931612253189087, 0.5880919098854065, 0.5865079760551453, 0.5813590884208679, 0.5760269165039062, 0.5736835598945618, 0.5690925717353821, 0.5672979950904846, 0.5619039535522461, 0.5597217082977295, 0.5553776025772095, 0.5510187745094299, 0.5479942560195923, 0.5433356761932373, 0.5410581827163696, 0.5361728072166443, 0.5329020023345947, 0.5313527584075928, 0.527793288230896, 0.5227115154266357, 0.5197471976280212, 0.515097439289093, 0.5144445300102234, 0.5096595287322998, 0.5066114664077759, 0.5026297569274902, 0.5008049607276917, 0.49566489458084106, 0.4917451739311218, 0.49108850955963135, 0.4845092296600342, 0.482191264629364, 0.4799156188964844, 0.477640837430954, 0.4721023440361023, 0.4691723585128784, 0.46192875504493713, 0.4598463475704193, 0.45817434787750244, 0.4541780352592468, 0.4525893032550812, 0.4472599923610687, 0.4462985098361969, 0.4434199631214142, 0.4390328526496887, 0.43736743927001953, 0.43042507767677307, 0.42725762724876404, 0.42685315012931824, 0.4215589761734009, 0.41876041889190674, 0.41670849919319153, 0.41122791171073914], "accuracy": [0.8414062261581421, 0.8729687333106995, 0.8851562738418579, 0.8912500143051147, 0.8856250047683716, 0.8921874761581421, 0.9024999737739563, 0.8981249928474426, 0.9018750190734863, 0.8973437547683716, 0.9051562547683716, 0.9026562571525574, 0.9057812690734863, 0.9103124737739563, 0.9087499976158142, 0.9135937690734863, 0.9104687571525574, 0.9156249761581421, 0.9164062738418579, 0.9129687547683716, 0.9142187237739563, 0.9193750023841858, 0.9198437333106995, 0.9215624928474426, 0.9168750047683716, 0.9200000166893005, 0.9225000143051147, 0.9231250286102295, 0.922656238079071, 0.9267187714576721, 0.9273437261581421, 0.9235937595367432, 0.9292187690734863, 0.9287499785423279, 0.9279687404632568, 0.9285937547683716, 0.9320312738418579, 0.9337499737739563, 0.9396874904632568, 0.9387500286102295, 0.9370312690734863, 0.9390624761581421, 0.9365624785423279, 0.9407812356948853, 0.938281238079071, 0.9384375214576721, 0.94140625, 0.9399999976158142, 0.946093738079071, 0.9470312595367432, 0.9432812333106995, 0.9479687213897705, 0.9468749761581421, 0.9464062452316284, 0.9509375095367432], "val_loss": [0.6059116721153259, 0.5984457731246948, 0.5908018350601196, 0.5883088111877441, 0.5851337313652039, 0.5826942324638367, 0.5792291760444641, 0.575852632522583, 0.5761634111404419, 0.5679969191551208, 0.5680168271064758, 0.5611647963523865, 0.5591105818748474, 0.5537457466125488, 0.5505558252334595, 0.5449522137641907, 0.5436041355133057, 0.5409125089645386, 0.5396060347557068, 0.5326366424560547, 0.5299824476242065, 0.5306646227836609, 0.5290628671646118, 0.5246458053588867, 0.5248100757598877, 0.5238877534866333, 0.5165111422538757, 0.5145290493965149, 0.5113732814788818, 0.5069139003753662, 0.5060149431228638, 0.5043309330940247, 0.4993017911911011, 0.5019770264625549, 0.4936230480670929, 0.49212703108787537, 0.4910380244255066, 0.4919264614582062, 0.4872857928276062, 0.4884117543697357, 0.48130226135253906, 0.47741833329200745, 0.47398173809051514, 0.4729575216770172, 0.476718932390213, 0.47577720880508423, 0.4646330773830414, 0.4609399139881134, 0.46998947858810425, 0.46265971660614014, 0.45653480291366577, 0.45172128081321716, 0.454425573348999, 0.4518152177333832, 0.4599843919277191], "val_accuracy": [0.856249988079071, 0.8681250214576721, 0.8893749713897705, 0.8849999904632568, 0.8868749737739563, 0.8831250071525574, 0.8831250071525574, 0.8881250023841858, 0.8743749856948853, 0.8912500143051147, 0.8831250071525574, 0.893750011920929, 0.8931249976158142, 0.8987500071525574, 0.8993750214576721, 0.90625, 0.9012500047683716, 0.8993750214576721, 0.8974999785423279, 0.9081249833106995, 0.9037500023841858, 0.8999999761581421, 0.8949999809265137, 0.8974999785423279, 0.893750011920929, 0.8868749737739563, 0.9006249904632568, 0.9006249904632568, 0.8987500071525574, 0.9012500047683716, 0.8987500071525574, 0.8987500071525574, 0.8987500071525574, 0.8918750286102295, 0.9075000286102295, 0.8981249928474426, 0.8999999761581421, 0.893750011920929, 0.8943750262260437, 0.8887500166893005, 0.8993750214576721, 0.903124988079071, 0.9024999737739563, 0.9043750166893005, 0.8899999856948853, 0.8881250023841858, 0.9012500047683716, 0.9037500023841858, 0.890625, 0.8993750214576721, 0.90625, 0.9049999713897705, 0.8974999785423279, 0.8968750238418579, 0.8849999904632568]}