{"loss": [0.6295497417449951, 0.3425982594490051, 0.27445611357688904, 0.24535731971263885, 0.2435261309146881], "accuracy": [0.821093738079071, 0.8831250071525574, 0.9040625095367432, 0.9106249809265137, 0.9142187237739563], "val_loss": [0.2401747852563858, 0.1605992317199707, 0.20164750516414642, 0.16597719490528107, 0.2168722301721573], "val_accuracy": [0.9081249833106995, 0.9424999952316284, 0.9281250238418579, 0.9387500286102295, 0.9212499856948853]}