{"loss": [0.6149460673332214, 0.5978694558143616, 0.5925881266593933, 0.5882893204689026, 0.5845581293106079, 0.5802139043807983, 0.5761520266532898, 0.5718950033187866, 0.5676610469818115, 0.5654729008674622, 0.5608470439910889, 0.5596432089805603, 0.5549140572547913, 0.5495975613594055, 0.5462538003921509, 0.5453548431396484, 0.5426101684570312, 0.5368099808692932, 0.5341753959655762, 0.5313506126403809, 0.5282585024833679, 0.522910475730896, 0.5203981995582581, 0.5166198015213013, 0.5137320756912231, 0.5090306997299194, 0.5054830312728882, 0.5042934417724609, 0.4996998906135559, 0.4958438575267792, 0.4951050877571106, 0.4913097023963928, 0.48873862624168396, 0.48367583751678467, 0.4797801673412323, 0.4768259525299072, 0.47305533289909363, 0.47056591510772705, 0.4663774371147156, 0.4662301242351532, 0.45993325114250183, 0.45825517177581787, 0.4551394283771515, 0.4508565664291382, 0.4473867118358612, 0.44732069969177246, 0.44226527214050293, 0.44068050384521484, 0.4363318681716919, 0.43162116408348083, 0.4307025969028473, 0.4278997480869293, 0.42380276322364807, 0.4216737449169159, 0.4172409176826477, 0.41263946890830994, 0.412101149559021, 0.4099503457546234, 0.40725696086883545, 0.4023033082485199, 0.40063685178756714, 0.3982764184474945, 0.39545977115631104, 0.3916533291339874, 0.3925022482872009, 0.38409945368766785, 0.3835188150405884, 0.3805904686450958, 0.3793657720088959, 0.3747731149196625, 0.3713465929031372, 0.37138432264328003, 0.3669072389602661], "accuracy": [0.824999988079071, 0.8745312690734863, 0.882031261920929, 0.8857812285423279, 0.8870312571525574, 0.8921874761581421, 0.8948437571525574, 0.8982812762260437, 0.9020312428474426, 0.8985937237739563, 0.9034374952316284, 0.8990625143051147, 0.9020312428474426, 0.9096875190734863, 0.9090625047683716, 0.9040625095367432, 0.9040625095367432, 0.9112499952316284, 0.9089062213897705, 0.9103124737739563, 0.9104687571525574, 0.914843738079071, 0.9134374856948853, 0.9159374833106995, 0.9170312285423279, 0.9207812547683716, 0.921093761920929, 0.9170312285423279, 0.921875, 0.9231250286102295, 0.9193750023841858, 0.9215624928474426, 0.9198437333106995, 0.9254687428474426, 0.9262499809265137, 0.9260937571525574, 0.9287499785423279, 0.9282812476158142, 0.9314062595367432, 0.926562488079071, 0.9325000047683716, 0.930468738079071, 0.9314062595367432, 0.9329687356948853, 0.9348437786102295, 0.9315624833106995, 0.9350000023841858, 0.9326562285423279, 0.936718761920929, 0.9401562213897705, 0.9362499713897705, 0.9378125071525574, 0.9390624761581421, 0.9393749833106995, 0.942187488079071, 0.9451562762260437, 0.9423437714576721, 0.9412500262260437, 0.9418749809265137, 0.9454687237739563, 0.9437500238418579, 0.9446874856948853, 0.9439062476158142, 0.9449999928474426, 0.94140625, 0.9506250023841858, 0.9485937356948853, 0.948437511920929, 0.9467187523841858, 0.9496874809265137, 0.9514062404632568, 0.9479687213897705, 0.9518749713897705], "val_loss": [0.5954540967941284, 0.5882893800735474, 0.5844846963882446, 0.5847100615501404, 0.5814196467399597, 0.5737083554267883, 0.5700147747993469, 0.5694870352745056, 0.5753583908081055, 0.5605917572975159, 0.5591803193092346, 0.5565508008003235, 0.5511234402656555, 0.5481829047203064, 0.5440460443496704, 0.5424380302429199, 0.5416587591171265, 0.5388199090957642, 0.5323075652122498, 0.5298193097114563, 0.5279680490493774, 0.5253198146820068, 0.5224665403366089, 0.5204067826271057, 0.5179939866065979, 0.5129233002662659, 0.5098018050193787, 0.5070655345916748, 0.5044535994529724, 0.5045456886291504, 0.5017209649085999, 0.5054695010185242, 0.4969663918018341, 0.49452438950538635, 0.4883174002170563, 0.48959386348724365, 0.4859083592891693, 0.48244425654411316, 0.4799141585826874, 0.47536784410476685, 0.4730016589164734, 0.4695222079753876, 0.4706885814666748, 0.4663865268230438, 0.46404144167900085, 0.4599263072013855, 0.45862486958503723, 0.4557267129421234, 0.45458412170410156, 0.4505574107170105, 0.4480619430541992, 0.4490550756454468, 0.4465065896511078, 0.4419628083705902, 0.44520294666290283, 0.44096505641937256, 0.4426129162311554, 0.4355754852294922, 0.43421897292137146, 0.43198221921920776, 0.428445428609848, 0.4261869192123413, 0.44012728333473206, 0.42617642879486084, 0.420357346534729, 0.42754459381103516, 0.4200555682182312, 0.41741496324539185, 0.41257041692733765, 0.4094223380088806, 0.4120195508003235, 0.413690984249115, 0.4137797951698303], "val_accuracy": [0.8931249976158142, 0.9037500023841858, 0.9068750143051147, 0.8931249976158142, 0.8943750262260437, 0.9081249833106995, 0.9106249809265137, 0.9018750190734863, 0.8725000023841858, 0.909375011920929, 0.9037500023841858, 0.903124988079071, 0.9106249809265137, 0.9081249833106995, 0.9131249785423279, 0.9081249833106995, 0.9012500047683716, 0.903124988079071, 0.9106249809265137, 0.9087499976158142, 0.9081249833106995, 0.9075000286102295, 0.90625, 0.9037500023841858, 0.9049999713897705, 0.909375011920929, 0.9075000286102295, 0.9081249833106995, 0.9087499976158142, 0.903124988079071, 0.9049999713897705, 0.8918750286102295, 0.9024999737739563, 0.9018750190734863, 0.9081249833106995, 0.9012500047683716, 0.903124988079071, 0.9087499976158142, 0.9068750143051147, 0.9106249809265137, 0.909375011920929, 0.9118750095367432, 0.9037500023841858, 0.9100000262260437, 0.9087499976158142, 0.9112499952316284, 0.9100000262260437, 0.9075000286102295, 0.9068750143051147, 0.9112499952316284, 0.9100000262260437, 0.9075000286102295, 0.90625, 0.9125000238418579, 0.9006249904632568, 0.9075000286102295, 0.9018750190734863, 0.9075000286102295, 0.9087499976158142, 0.9075000286102295, 0.9081249833106995, 0.909375011920929, 0.890625, 0.9037500023841858, 0.9100000262260437, 0.8968750238418579, 0.9043750166893005, 0.9068750143051147, 0.909375011920929, 0.9100000262260437, 0.9049999713897705, 0.9006249904632568, 0.8981249928474426]}