{"loss": [1.5864336490631104, 1.410843014717102, 1.1056848764419556, 0.9139342308044434, 0.8005781173706055, 0.7368312478065491, 0.7005031108856201, 0.6890378594398499, 0.670166015625, 0.6615232229232788, 0.6628210544586182, 0.6560028791427612, 0.6541794538497925, 0.6417575478553772, 0.64703369140625, 0.6396175622940063], "accuracy": [0.4104803502559662, 0.5071324706077576, 0.5935953259468079, 0.6799854636192322, 0.7064774632453918, 0.7137554287910461, 0.727001428604126, 0.7256914377212524, 0.7326782941818237, 0.7363173365592957, 0.7358806133270264, 0.7387190461158752, 0.739301323890686, 0.7447597980499268, 0.7404658198356628, 0.7465793490409851], "val_loss": [1.5321063995361328, 1.2226858139038086, 0.95418781042099, 0.7989904880523682, 0.6980938911437988, 0.6587187647819519, 0.631919801235199, 0.6232255697250366, 0.6136361360549927, 0.6123145222663879, 0.6073172092437744, 0.6047539114952087, 0.5965014696121216, 0.5998369455337524, 0.6005882620811462, 0.5979297757148743], "val_accuracy": [0.5403891801834106, 0.5795990824699402, 0.6833726167678833, 0.7349646091461182, 0.7561910152435303, 0.755011796951294, 0.7588443160057068, 0.7588443160057068, 0.7635613083839417, 0.7653301954269409, 0.7650353908538818, 0.7697523832321167, 0.7715212106704712, 0.7724056839942932, 0.7679834961891174, 0.7679834961891174]}