{"loss": [1.0886703729629517, 0.6818709373474121, 0.5978885889053345, 0.5489544868469238, 0.5284146666526794, 0.5092785954475403, 0.4828287363052368, 0.48483386635780334, 0.4763227105140686, 0.4676631987094879, 0.4496142268180847, 0.45407912135124207, 0.4469848573207855, 0.4452943503856659, 0.44161972403526306, 0.4308903217315674, 0.4262514114379883], "accuracy": [0.6856250166893005, 0.7300000190734863, 0.7409374713897705, 0.7496874928474426, 0.7634375095367432, 0.7653124928474426, 0.7745312452316284, 0.7717187404632568, 0.7759374976158142, 0.7907812595367432, 0.7846875190734863, 0.7892187237739563, 0.7957812547683716, 0.7873437404632568, 0.7945312261581421, 0.7931249737739563, 0.8025000095367432], "val_loss": [0.5634089112281799, 0.486632764339447, 0.49664875864982605, 0.4539076089859009, 0.4619956612586975, 0.4582516849040985, 0.4496416747570038, 0.45640718936920166, 0.4572492837905884, 0.44657203555107117, 0.44549620151519775, 0.4523290991783142, 0.4490582346916199, 0.4434119164943695, 0.4500330984592438, 0.44501858949661255, 0.4454807639122009], "val_accuracy": [0.7562500238418579, 0.7637500166893005, 0.753125011920929, 0.7856249809265137, 0.78125, 0.7818750143051147, 0.784375011920929, 0.7837499976158142, 0.7856249809265137, 0.7837499976158142, 0.7825000286102295, 0.7881249785423279, 0.793749988079071, 0.7906249761581421, 0.7806249856948853, 0.7831249833106995, 0.7831249833106995]}