{"loss": [0.6173852682113647, 0.3358132839202881, 0.2847455143928528, 0.2529163360595703, 0.2368006706237793, 0.22435349225997925, 0.20151177048683167, 0.20828279852867126, 0.19407454133033752, 0.18996314704418182], "accuracy": [0.8142187595367432, 0.8768749833106995, 0.8954687714576721, 0.9095312356948853, 0.9140625, 0.9176562428474426, 0.9239062666893005, 0.922656238079071, 0.9260937571525574, 0.9301562309265137], "val_loss": [0.19661684334278107, 0.15679676830768585, 0.14733222126960754, 0.13879214227199554, 0.16136229038238525, 0.13973881304264069, 0.1344902068376541, 0.14352735877037048, 0.14594674110412598, 0.15681512653827667], "val_accuracy": [0.9275000095367432, 0.9281250238418579, 0.9356250166893005, 0.9437500238418579, 0.9356250166893005, 0.9424999952316284, 0.9418749809265137, 0.9412500262260437, 0.9443749785423279, 0.9306250214576721]}