{"loss": [0.7283284068107605, 0.44754502177238464, 0.38954293727874756, 0.36856362223625183, 0.33088698983192444, 0.32886379957199097, 0.31686267256736755, 0.30041325092315674, 0.288368821144104, 0.29298412799835205, 0.27917009592056274, 0.28567975759506226, 0.2710496187210083, 0.26821044087409973, 0.26304271817207336, 0.2631743848323822], "accuracy": [0.79296875, 0.8303124904632568, 0.8489062786102295, 0.856249988079071, 0.8704687356948853, 0.8656250238418579, 0.8696874976158142, 0.8812500238418579, 0.8837500214576721, 0.8817187547683716, 0.8915625214576721, 0.8826562762260437, 0.8940625190734863, 0.8917187452316284, 0.8931249976158142, 0.8968750238418579], "val_loss": [0.31027278304100037, 0.3042295277118683, 0.34479111433029175, 0.29929524660110474, 0.2899414896965027, 0.279293030500412, 0.2825922667980194, 0.27718743681907654, 0.28470519185066223, 0.2809430956840515, 0.2737518846988678, 0.27034056186676025, 0.2660980522632599, 0.2743370532989502, 0.2702268958091736, 0.2783527970314026], "val_accuracy": [0.8787500262260437, 0.890625, 0.8731250166893005, 0.8924999833106995, 0.8968750238418579, 0.9012500047683716, 0.8974999785423279, 0.8968750238418579, 0.8893749713897705, 0.8899999856948853, 0.893750011920929, 0.8968750238418579, 0.8993750214576721, 0.8943750262260437, 0.8924999833106995, 0.8981249928474426]}