{"loss": [0.6410120129585266, 0.6269331574440002, 0.6235164403915405, 0.6187771558761597, 0.6150262355804443, 0.6125261783599854, 0.6107073426246643, 0.6061120629310608, 0.6048105359077454, 0.6015223860740662, 0.5982863306999207, 0.5969697833061218, 0.5947172045707703, 0.5910010933876038, 0.587870717048645, 0.5850623846054077, 0.5842252373695374, 0.5801116824150085, 0.5753828287124634, 0.5739740133285522, 0.5721276998519897, 0.5676057934761047, 0.5665063261985779, 0.5642924904823303, 0.5601646900177002, 0.557182252407074, 0.5555720329284668, 0.5539883375167847, 0.5496435165405273], "accuracy": [0.7401562333106995, 0.7799999713897705, 0.7868750095367432, 0.796093761920929, 0.8004687428474426, 0.8004687428474426, 0.7996875047683716, 0.8056250214576721, 0.8040624856948853, 0.8076562285423279, 0.8121874928474426, 0.8089062571525574, 0.809374988079071, 0.8120312690734863, 0.8160937428474426, 0.8157812356948853, 0.8143749833106995, 0.819531261920929, 0.8256250023841858, 0.8256250023841858, 0.8224999904632568, 0.8318750262260437, 0.828125, 0.8267187476158142, 0.8321874737739563, 0.8353124856948853, 0.8321874737739563, 0.8332812786102295, 0.8365625143051147], "val_loss": [0.6366112232208252, 0.6227598786354065, 0.6216994524002075, 0.6183778643608093, 0.6169350147247314, 0.6139473915100098, 0.6145074963569641, 0.6122960448265076, 0.6153702735900879, 0.6099035739898682, 0.6047751903533936, 0.60176682472229, 0.601070761680603, 0.6014679074287415, 0.5974426865577698, 0.5980327129364014, 0.5993972420692444, 0.5917529463768005, 0.5903679132461548, 0.5892187356948853, 0.5881190299987793, 0.5872271060943604, 0.59182208776474, 0.5810442566871643, 0.5840086936950684, 0.5765916705131531, 0.5775955319404602, 0.5789095163345337, 0.5786563754081726], "val_accuracy": [0.7450000047683716, 0.7881249785423279, 0.7856249809265137, 0.7881249785423279, 0.7875000238418579, 0.7918750047683716, 0.7831249833106995, 0.7825000286102295, 0.7693750262260437, 0.7774999737739563, 0.7906249761581421, 0.7925000190734863, 0.784375011920929, 0.784375011920929, 0.7862499952316284, 0.7856249809265137, 0.7774999737739563, 0.7856249809265137, 0.7893750071525574, 0.7862499952316284, 0.7881249785423279, 0.7850000262260437, 0.7681249976158142, 0.7893750071525574, 0.7787500023841858, 0.7925000190734863, 0.7893750071525574, 0.7806249856948853, 0.7762500047683716]}