{"loss": [0.6535705327987671, 0.6459152698516846, 0.6456257104873657, 0.6417088508605957, 0.6402568817138672, 0.6372792720794678, 0.6354594230651855, 0.6333523392677307, 0.6313577890396118, 0.6289651393890381, 0.6271563172340393, 0.6236572265625, 0.6217926144599915, 0.6195860505104065, 0.6152875423431396], "accuracy": [0.6876562237739563, 0.7093750238418579, 0.7060937285423279, 0.7132812738418579, 0.7142187356948853, 0.7203124761581421, 0.71875, 0.7237499952316284, 0.7250000238418579, 0.7279687523841858, 0.7290624976158142, 0.7365624904632568, 0.7370312213897705, 0.7398437261581421, 0.749218761920929], "val_loss": [0.6469051241874695, 0.6454979181289673, 0.6438947916030884, 0.6421566605567932, 0.6408661603927612, 0.6403805613517761, 0.6384891271591187, 0.6386492252349854, 0.6358959078788757, 0.6345086693763733, 0.6316441297531128, 0.6298699378967285, 0.6407748460769653, 0.6317708492279053, 0.6306591629981995], "val_accuracy": [0.7068750262260437, 0.706250011920929, 0.7074999809265137, 0.7081249952316284, 0.7143750190734863, 0.7087500095367432, 0.7099999785423279, 0.7018749713897705, 0.7137500047683716, 0.7112500071525574, 0.7162500023841858, 0.7193750143051147, 0.6768749952316284, 0.7074999809265137, 0.703125]}