{"loss": [0.6421661376953125, 0.634976327419281, 0.6304784417152405, 0.6271089315414429, 0.6233155131340027, 0.6199138760566711, 0.6144871711730957, 0.608363687992096, 0.6029562950134277, 0.5985502004623413, 0.595164954662323, 0.5927263498306274, 0.5905747413635254, 0.5877976417541504, 0.5819694995880127, 0.5796058177947998, 0.576911985874176, 0.5721664428710938, 0.5690258145332336, 0.5649165511131287, 0.5613908767700195, 0.558760404586792, 0.5553884506225586, 0.5541616678237915, 0.5496076941490173, 0.5449727773666382, 0.5433223247528076, 0.5409567952156067, 0.5365819334983826, 0.5344374775886536, 0.5287669897079468, 0.5258918404579163, 0.5233728289604187, 0.5199123024940491, 0.5164589285850525, 0.5143123865127563, 0.5097434520721436, 0.5072374939918518, 0.5037920475006104, 0.5020493268966675, 0.4978055953979492, 0.4948991537094116, 0.49063217639923096, 0.48915770649909973, 0.4853687584400177, 0.48089179396629333, 0.4777645468711853, 0.47796517610549927, 0.4758204519748688, 0.47184285521507263, 0.46418967843055725, 0.4643283784389496, 0.4603583514690399, 0.45726248621940613, 0.45476505160331726, 0.45165157318115234, 0.4464026987552643, 0.4492858946323395, 0.44384655356407166, 0.43667924404144287, 0.43548619747161865, 0.4348205327987671, 0.4321158528327942, 0.4278721511363983, 0.4255680739879608, 0.42271435260772705, 0.42398396134376526, 0.415150910615921, 0.4142113924026489, 0.41044244170188904, 0.4066255986690521, 0.40294864773750305, 0.3999482989311218, 0.3966524004936218, 0.3979349136352539, 0.3906764090061188, 0.3897193670272827, 0.3838522732257843, 0.38371574878692627, 0.3835466504096985, 0.3781134784221649, 0.37420976161956787, 0.37293511629104614, 0.37376120686531067], "accuracy": [0.823437511920929, 0.8457812666893005, 0.8550000190734863, 0.8571875095367432, 0.8579687476158142, 0.8610937595367432, 0.8748437762260437, 0.8689062595367432, 0.8709375262260437, 0.8735937476158142, 0.8764062523841858, 0.8754687309265137, 0.8726562261581421, 0.8712499737739563, 0.882031261920929, 0.8779687285423279, 0.8770312666893005, 0.8839062452316284, 0.882031261920929, 0.8870312571525574, 0.8904687762260437, 0.8882812261581421, 0.8904687762260437, 0.8851562738418579, 0.889843761920929, 0.8951562643051147, 0.8909375071525574, 0.891406238079071, 0.8935937285423279, 0.8920312523841858, 0.8998437523841858, 0.8998437523841858, 0.9006249904632568, 0.9007812738418579, 0.9017187356948853, 0.9012500047683716, 0.9049999713897705, 0.9051562547683716, 0.9064062237739563, 0.903124988079071, 0.9071875214576721, 0.9065625071525574, 0.9115625023841858, 0.9081249833106995, 0.910937488079071, 0.9131249785423279, 0.9140625, 0.9103124737739563, 0.9103124737739563, 0.9110937714576721, 0.9182812571525574, 0.914843738079071, 0.9173437356948853, 0.9190624952316284, 0.9198437333106995, 0.9201562404632568, 0.9246875047683716, 0.9164062738418579, 0.9220312237739563, 0.9278125166893005, 0.9262499809265137, 0.9232812523841858, 0.9240624904632568, 0.9275000095367432, 0.92578125, 0.9271875023841858, 0.9228125214576721, 0.9295312762260437, 0.9284374713897705, 0.9309375286102295, 0.9326562285423279, 0.9362499713897705, 0.9342187643051147, 0.9373437762260437, 0.9318749904632568, 0.9385937452316284, 0.9368749856948853, 0.9415624737739563, 0.9398437738418579, 0.9373437762260437, 0.9410937428474426, 0.9429687261581421, 0.94140625, 0.9368749856948853], "val_loss": [0.6313769817352295, 0.6328549981117249, 0.6257819533348083, 0.620778501033783, 0.6169548630714417, 0.61311274766922, 0.6106337308883667, 0.5994119644165039, 0.5965006351470947, 0.5938767194747925, 0.5900092124938965, 0.5875168442726135, 0.5858179926872253, 0.5823845267295837, 0.5819406509399414, 0.5746653079986572, 0.571786105632782, 0.5708305239677429, 0.5634428858757019, 0.564186692237854, 0.5609886646270752, 0.5613873600959778, 0.558508574962616, 0.5527027249336243, 0.5504342317581177, 0.5449014902114868, 0.5443414449691772, 0.5390417575836182, 0.5388410687446594, 0.5412861704826355, 0.5360110402107239, 0.5326998233795166, 0.527328610420227, 0.527484118938446, 0.5278354287147522, 0.5228912830352783, 0.5212037563323975, 0.5213060975074768, 0.5168081521987915, 0.5135387778282166, 0.5129151940345764, 0.5083401799201965, 0.5063830018043518, 0.5037559270858765, 0.5042591691017151, 0.5005291700363159, 0.5005190968513489, 0.49968859553337097, 0.495290607213974, 0.4899497926235199, 0.49104079604148865, 0.4893067479133606, 0.487542986869812, 0.48450252413749695, 0.4869491159915924, 0.4823838472366333, 0.4784834682941437, 0.471210241317749, 0.4728776216506958, 0.4736036956310272, 0.46783092617988586, 0.4682808816432953, 0.4643675982952118, 0.4632079005241394, 0.46477648615837097, 0.45971786975860596, 0.4582534432411194, 0.4543721675872803, 0.45378103852272034, 0.4515443444252014, 0.4483657777309418, 0.4503461420536041, 0.44644230604171753, 0.4456784725189209, 0.4502519369125366, 0.4446712136268616, 0.45062702894210815, 0.43910929560661316, 0.4410773813724518, 0.44058123230934143, 0.434990793466568, 0.4400498867034912, 0.436931312084198, 0.43520355224609375], "val_accuracy": [0.871874988079071, 0.8387500047683716, 0.8637499809265137, 0.875, 0.878125011920929, 0.8806250095367432, 0.878125011920929, 0.8831250071525574, 0.8849999904632568, 0.8831250071525574, 0.8812500238418579, 0.887499988079071, 0.8793749809265137, 0.8793749809265137, 0.8731250166893005, 0.8831250071525574, 0.8824999928474426, 0.8787500262260437, 0.8956249952316284, 0.8806250095367432, 0.8837500214576721, 0.8762500286102295, 0.875, 0.8849999904632568, 0.8837500214576721, 0.8893749713897705, 0.8837500214576721, 0.8899999856948853, 0.8868749737739563, 0.875, 0.8799999952316284, 0.8806250095367432, 0.8862500190734863, 0.8831250071525574, 0.8743749856948853, 0.878125011920929, 0.8743749856948853, 0.8743749856948853, 0.8774999976158142, 0.8818749785423279, 0.875, 0.8793749809265137, 0.8812500238418579, 0.8787500262260437, 0.8737499713897705, 0.8768749833106995, 0.8768749833106995, 0.8693749904632568, 0.8762500286102295, 0.8774999976158142, 0.8737499713897705, 0.8725000023841858, 0.8743749856948853, 0.8756250143051147, 0.8687499761581421, 0.871874988079071, 0.8793749809265137, 0.8824999928474426, 0.8768749833106995, 0.8762500286102295, 0.878125011920929, 0.8756250143051147, 0.878125011920929, 0.8787500262260437, 0.8743749856948853, 0.8787500262260437, 0.8787500262260437, 0.8793749809265137, 0.8818749785423279, 0.8787500262260437, 0.8768749833106995, 0.8768749833106995, 0.8787500262260437, 0.8774999976158142, 0.871874988079071, 0.8756250143051147, 0.8675000071525574, 0.8743749856948853, 0.8731250166893005, 0.8737499713897705, 0.8756250143051147, 0.8693749904632568, 0.8687499761581421, 0.8706250190734863]}