{"loss": [0.6063595414161682, 0.5968982577323914, 0.5932748913764954, 0.5887293219566345, 0.5838110446929932, 0.5802656412124634, 0.577198326587677, 0.5747299790382385, 0.5702841877937317, 0.566022515296936, 0.5635456442832947, 0.5586423277854919, 0.5561351180076599, 0.5542939901351929, 0.548709511756897, 0.5462915897369385, 0.541420042514801, 0.5402221083641052, 0.534455418586731, 0.5303866863250732, 0.5294237732887268, 0.5259497165679932, 0.5220758318901062, 0.5177280902862549, 0.5154486894607544, 0.5132148265838623, 0.5076848864555359, 0.5050800442695618, 0.5014291405677795, 0.4981440603733063, 0.49686095118522644, 0.492033988237381, 0.4892435073852539, 0.4852028787136078, 0.48330628871917725, 0.4793311357498169, 0.4758565425872803, 0.474649041891098, 0.4677833616733551, 0.46664848923683167, 0.4616142511367798, 0.45841163396835327, 0.4570072293281555, 0.4527774453163147, 0.4488486349582672, 0.44651028513908386, 0.442961722612381, 0.4372757375240326, 0.43488335609436035, 0.4319136142730713, 0.43019744753837585, 0.4253332018852234, 0.42406079173088074, 0.41966161131858826, 0.4166407883167267, 0.4156312644481659, 0.41111624240875244, 0.40849217772483826, 0.4039212167263031, 0.4026295840740204, 0.39965736865997314, 0.3971922993659973, 0.39120444655418396, 0.3906087875366211, 0.387704461812973, 0.38235703110694885, 0.3815777599811554, 0.37939661741256714, 0.37581562995910645, 0.37491458654403687, 0.3710038661956787, 0.3673687279224396, 0.36304062604904175, 0.3589882254600525, 0.35825228691101074, 0.35227248072624207, 0.3528294265270233, 0.35031014680862427, 0.3461167514324188], "accuracy": [0.8807812333106995, 0.9018750190734863, 0.9029687643051147, 0.9071875214576721, 0.9128124713897705, 0.9131249785423279, 0.9123437404632568, 0.9103124737739563, 0.9131249785423279, 0.9164062738418579, 0.9139062762260437, 0.918749988079071, 0.9167187213897705, 0.9123437404632568, 0.9198437333106995, 0.9170312285423279, 0.9215624928474426, 0.9168750047683716, 0.9240624904632568, 0.9251562356948853, 0.9190624952316284, 0.9212499856948853, 0.9240624904632568, 0.9262499809265137, 0.9243749976158142, 0.9229687452316284, 0.9284374713897705, 0.9270312786102295, 0.9290624856948853, 0.9290624856948853, 0.9262499809265137, 0.9301562309265137, 0.9300000071525574, 0.9312499761581421, 0.9295312762260437, 0.9321874976158142, 0.9332812428474426, 0.9317187666893005, 0.9373437762260437, 0.9340624809265137, 0.9378125071525574, 0.9389062523841858, 0.9365624785423279, 0.9384375214576721, 0.9420312643051147, 0.9404687285423279, 0.9417187571525574, 0.9459375143051147, 0.9453125, 0.9459375143051147, 0.9453125, 0.9478124976158142, 0.9457812309265137, 0.94921875, 0.9489062428474426, 0.9474999904632568, 0.9496874809265137, 0.9493749737739563, 0.9515625238418579, 0.9501562714576721, 0.9509375095367432, 0.9496874809265137, 0.9553124904632568, 0.9529687762260437, 0.9532812237739563, 0.9574999809265137, 0.9553124904632568, 0.9553124904632568, 0.9567187428474426, 0.9546874761581421, 0.956250011920929, 0.9579687714576721, 0.9599999785423279, 0.9631249904632568, 0.9603124856948853, 0.9646875262260437, 0.9618750214576721, 0.9610937237739563, 0.9626562595367432], "val_loss": [0.5966476798057556, 0.591635525226593, 0.5877529978752136, 0.5845955014228821, 0.580120861530304, 0.5768513083457947, 0.5731918811798096, 0.5698598027229309, 0.5654006004333496, 0.5641221404075623, 0.5578621625900269, 0.5553470849990845, 0.5519888401031494, 0.5505297780036926, 0.545040488243103, 0.542313814163208, 0.5394282341003418, 0.5363230109214783, 0.5362185835838318, 0.5332162380218506, 0.5263206362724304, 0.5247161388397217, 0.520824670791626, 0.5180565118789673, 0.5144233703613281, 0.512368381023407, 0.5119819641113281, 0.5076943039894104, 0.505335807800293, 0.5024197101593018, 0.49721023440361023, 0.49534371495246887, 0.4923236072063446, 0.4911050498485565, 0.49048909544944763, 0.4855601489543915, 0.4823670983314514, 0.4790630638599396, 0.48147618770599365, 0.47623947262763977, 0.4749189019203186, 0.4709356427192688, 0.4673827290534973, 0.4703633487224579, 0.46339932084083557, 0.4598545432090759, 0.45838016271591187, 0.4586953818798065, 0.4514499008655548, 0.4574950039386749, 0.4463435709476471, 0.44703856110572815, 0.4433175027370453, 0.44370365142822266, 0.4369490444660187, 0.4367749094963074, 0.4359503984451294, 0.43405210971832275, 0.4279201924800873, 0.426198810338974, 0.42585885524749756, 0.42430049180984497, 0.41999030113220215, 0.41742798686027527, 0.42231452465057373, 0.4141477942466736, 0.42258575558662415, 0.4173540771007538, 0.4112977087497711, 0.40961670875549316, 0.4091285467147827, 0.4082244634628296, 0.4084092974662781, 0.40472400188446045, 0.40281546115875244, 0.39401790499687195, 0.39876770973205566, 0.39920860528945923, 0.39650097489356995], "val_accuracy": [0.9106249809265137, 0.9200000166893005, 0.9206249713897705, 0.9181249737739563, 0.9231250286102295, 0.9206249713897705, 0.921875, 0.9206249713897705, 0.9237499833106995, 0.9193750023841858, 0.9293749928474426, 0.9243749976158142, 0.9243749976158142, 0.9200000166893005, 0.9268749952316284, 0.9256250262260437, 0.9237499833106995, 0.9243749976158142, 0.9162499904632568, 0.9162499904632568, 0.9275000095367432, 0.921875, 0.9256250262260437, 0.9243749976158142, 0.9262499809265137, 0.9237499833106995, 0.9162499904632568, 0.9212499856948853, 0.9175000190734863, 0.918749988079071, 0.9243749976158142, 0.9231250286102295, 0.921875, 0.918749988079071, 0.9175000190734863, 0.9212499856948853, 0.918749988079071, 0.921875, 0.9131249785423279, 0.9156249761581421, 0.9137499928474426, 0.9175000190734863, 0.9193750023841858, 0.9112499952316284, 0.9181249737739563, 0.9181249737739563, 0.9175000190734863, 0.9143750071525574, 0.9212499856948853, 0.909375011920929, 0.9200000166893005, 0.9162499904632568, 0.9193750023841858, 0.9150000214576721, 0.9200000166893005, 0.9193750023841858, 0.9156249761581421, 0.9162499904632568, 0.9200000166893005, 0.9206249713897705, 0.9168750047683716, 0.9143750071525574, 0.9193750023841858, 0.921875, 0.9112499952316284, 0.9200000166893005, 0.9068750143051147, 0.9118750095367432, 0.9156249761581421, 0.9125000238418579, 0.9125000238418579, 0.9112499952316284, 0.909375011920929, 0.9100000262260437, 0.9143750071525574, 0.9200000166893005, 0.9112499952316284, 0.909375011920929, 0.9118750095367432]}