{"loss": [0.6703932285308838, 0.4125475287437439, 0.36039337515830994, 0.3271775543689728, 0.32727131247520447, 0.30270981788635254, 0.2933136224746704, 0.2867339253425598, 0.28276634216308594, 0.2765425443649292, 0.2701888382434845, 0.2621447741985321, 0.2548430562019348, 0.25952091813087463, 0.2381402850151062, 0.24992921948432922], "accuracy": [0.7982812523841858, 0.842968761920929, 0.8532812595367432, 0.8678125143051147, 0.8684375286102295, 0.8745312690734863, 0.87890625, 0.8776562213897705, 0.8832812309265137, 0.8853124976158142, 0.8857812285423279, 0.8924999833106995, 0.895312488079071, 0.8893749713897705, 0.9007812738418579, 0.8968750238418579], "val_loss": [0.2781364917755127, 0.26824963092803955, 0.26296359300613403, 0.24614961445331573, 0.2587789297103882, 0.2447480410337448, 0.24757567048072815, 0.2511841654777527, 0.23079919815063477, 0.2302653193473816, 0.2421308010816574, 0.23264114558696747, 0.22606229782104492, 0.2310555875301361, 0.2393556833267212, 0.2297610342502594], "val_accuracy": [0.8799999952316284, 0.8868749737739563, 0.8912500143051147, 0.8949999809265137, 0.8899999856948853, 0.8987500071525574, 0.9024999737739563, 0.8818749785423279, 0.9006249904632568, 0.9012500047683716, 0.8962500095367432, 0.8956249952316284, 0.9006249904632568, 0.8993750214576721, 0.8981249928474426, 0.9037500023841858]}