{"loss": [0.6012247204780579, 0.5834618210792542, 0.5773665904998779, 0.5723298192024231, 0.5683380365371704, 0.5639764666557312, 0.5599080920219421, 0.5561792254447937, 0.5523819923400879, 0.5467358827590942, 0.5432624220848083, 0.5394706726074219, 0.536702573299408, 0.5331752300262451, 0.5296476483345032, 0.5257354974746704, 0.5219886302947998, 0.5169117450714111, 0.5148819088935852, 0.5102940797805786, 0.5083471536636353, 0.5036149024963379, 0.4991120398044586, 0.4976445436477661, 0.4924989640712738, 0.4894833266735077, 0.4842124879360199, 0.48263055086135864, 0.4788499176502228, 0.4758705496788025, 0.47384488582611084, 0.4679882526397705, 0.46666768193244934, 0.4606567323207855, 0.4574786126613617, 0.45570409297943115, 0.45141711831092834, 0.4512629210948944, 0.4448069632053375, 0.44185906648635864, 0.4388474225997925, 0.4358595013618469, 0.4338173568248749, 0.42833682894706726, 0.42592281103134155, 0.424564391374588, 0.42118164896965027, 0.41677942872047424, 0.4142380654811859, 0.4104844927787781, 0.40929898619651794, 0.40522879362106323, 0.4043600559234619, 0.39819568395614624, 0.39756882190704346, 0.39278751611709595, 0.3919846713542938, 0.3851845860481262, 0.3841402530670166, 0.37775325775146484, 0.37480998039245605, 0.37559089064598083, 0.3717784583568573, 0.3675970733165741, 0.36794406175613403, 0.3628532886505127, 0.36025291681289673, 0.3593463599681854, 0.3534355163574219, 0.3524060845375061, 0.3475511968135834, 0.34643906354904175, 0.3445325493812561, 0.34052300453186035, 0.3393096923828125, 0.3382694721221924, 0.3335821032524109, 0.3319166302680969, 0.32899001240730286, 0.3246353268623352, 0.3230327367782593, 0.31955409049987793, 0.31871873140335083, 0.31683918833732605, 0.3116976320743561, 0.3120751678943634, 0.30842944979667664, 0.30281513929367065, 0.30921292304992676, 0.3012678027153015, 0.2986316978931427, 0.2969408929347992, 0.2931104600429535, 0.2884864807128906, 0.28916236758232117, 0.2887183427810669, 0.2844879627227783, 0.27718794345855713, 0.2813819646835327, 0.2793281674385071], "accuracy": [0.8720312714576721, 0.9160937666893005, 0.9239062666893005, 0.9290624856948853, 0.9298437237739563, 0.9317187666893005, 0.9339062571525574, 0.9359375238418579, 0.9368749856948853, 0.942187488079071, 0.9429687261581421, 0.9428125023841858, 0.9417187571525574, 0.9415624737739563, 0.9423437714576721, 0.9442187547683716, 0.9454687237739563, 0.9485937356948853, 0.9451562762260437, 0.9481250047683716, 0.9446874856948853, 0.9474999904632568, 0.9520312547683716, 0.9471874833106995, 0.9512500166893005, 0.9512500166893005, 0.9551562666893005, 0.952343761920929, 0.9542187452316284, 0.9534375071525574, 0.9510937333106995, 0.9557812213897705, 0.953906238079071, 0.9582812786102295, 0.9589062333106995, 0.95703125, 0.9590625166893005, 0.9535937309265137, 0.9595312476158142, 0.9587500095367432, 0.9585937261581421, 0.9598437547683716, 0.957812488079071, 0.9612500071525574, 0.9615625143051147, 0.9592187404632568, 0.9604687690734863, 0.9631249904632568, 0.961718738079071, 0.9621875286102295, 0.9610937237739563, 0.9629687666893005, 0.9604687690734863, 0.9646875262260437, 0.9628124833106995, 0.9643750190734863, 0.9620312452316284, 0.9685937762260437, 0.9667187333106995, 0.9693750143051147, 0.9712499976158142, 0.9659374952316284, 0.9681249856948853, 0.9703124761581421, 0.9662500023841858, 0.9689062237739563, 0.9692187309265137, 0.9674999713897705, 0.9712499976158142, 0.9707812666893005, 0.9729687571525574, 0.9717187285423279, 0.9715625047683716, 0.9723437428474426, 0.9715625047683716, 0.96875, 0.9710937738418579, 0.9712499976158142, 0.9731249809265137, 0.9753124713897705, 0.9740625023841858, 0.9753124713897705, 0.9735937714576721, 0.97265625, 0.9759374856948853, 0.9732812643051147, 0.9746875166893005, 0.9776562452316284, 0.9693750143051147, 0.9754687547683716, 0.9767187237739563, 0.9756249785423279, 0.9775000214576721, 0.9795312285423279, 0.9771875143051147, 0.9753124713897705, 0.9776562452316284, 0.9815624952316284, 0.9760937690734863, 0.9770312309265137], "val_loss": [0.5854885578155518, 0.5745721459388733, 0.5712258815765381, 0.5673673152923584, 0.5626213550567627, 0.5733758211135864, 0.5577669739723206, 0.5526368618011475, 0.5510671734809875, 0.5445272922515869, 0.5414885878562927, 0.5389654636383057, 0.5396220684051514, 0.5319042801856995, 0.5292859077453613, 0.5249191522598267, 0.521506667137146, 0.5151228904724121, 0.5122880339622498, 0.5093675255775452, 0.5135743618011475, 0.5028194785118103, 0.5084639191627502, 0.4959169030189514, 0.49614930152893066, 0.49222540855407715, 0.4897097647190094, 0.4825442135334015, 0.47955402731895447, 0.475413054227829, 0.47719910740852356, 0.4736321270465851, 0.48167574405670166, 0.46851444244384766, 0.4648944139480591, 0.462838739156723, 0.4635688066482544, 0.45813944935798645, 0.45184534788131714, 0.45452380180358887, 0.4494610130786896, 0.4442823827266693, 0.4351063072681427, 0.4407442808151245, 0.441141277551651, 0.4344989061355591, 0.4329613447189331, 0.4281367063522339, 0.4336772561073303, 0.4175603985786438, 0.416238397359848, 0.41566014289855957, 0.40976086258888245, 0.40811625123023987, 0.40780776739120483, 0.4093467593193054, 0.407202810049057, 0.41650882363319397, 0.39701133966445923, 0.39563071727752686, 0.3970564007759094, 0.3893442451953888, 0.38344448804855347, 0.3837983310222626, 0.3847716450691223, 0.3820957541465759, 0.37859028577804565, 0.37755391001701355, 0.37515532970428467, 0.372690886259079, 0.37177059054374695, 0.3767349123954773, 0.36210688948631287, 0.3616426885128021, 0.3660912811756134, 0.356566458940506, 0.35178500413894653, 0.35294079780578613, 0.35163310170173645, 0.3482062518596649, 0.3452860116958618, 0.3455554246902466, 0.34476035833358765, 0.33914148807525635, 0.33890044689178467, 0.34753695130348206, 0.33809715509414673, 0.3318602442741394, 0.33568093180656433, 0.3379884660243988, 0.33045879006385803, 0.3240642547607422, 0.32709506154060364, 0.3231201171875, 0.3206453323364258, 0.3212657868862152, 0.32399383187294006, 0.31740817427635193, 0.3205752968788147, 0.3432072699069977],