{"loss": [0.6211588978767395, 0.3796553909778595, 0.31701675057411194, 0.294649600982666, 0.2724267840385437, 0.25212469696998596, 0.2593717873096466, 0.2528899312019348, 0.24636918306350708, 0.23414106667041779], "accuracy": [0.8456249833106995, 0.879687488079071, 0.885937511920929, 0.8931249976158142, 0.8960937261581421, 0.9035937786102295, 0.9051562547683716, 0.9020312428474426, 0.9090625047683716, 0.9110937714576721], "val_loss": [0.2613643705844879, 0.26409706473350525, 0.23338176310062408, 0.23498256504535675, 0.23055210709571838, 0.23350229859352112, 0.22766785323619843, 0.25854313373565674, 0.23543457686901093, 0.2320561408996582], "val_accuracy": [0.8943750262260437, 0.8812500238418579, 0.8943750262260437, 0.9043750166893005, 0.8943750262260437, 0.8943750262260437, 0.9043750166893005, 0.8856250047683716, 0.8949999809265137, 0.8962500095367432]}