,MLA Name,MLA Test Accuracy Mean,Run Time,MLA pred
0,SVC,0.7710416666666667,0.0045985221862792965,"['1.0' '1.0' '0.0' '0.0' '0.0' '1.0' '1.0' '1.0' '0.0' '1.0' '1.0' '1.0'
 '1.0' '1.0' '1.0' '0.0' '0.0' '0.0' '1.0' '1.0']"
