,MLA Name,MLA Test Accuracy Mean,Run Time,MLA pred
0,SVC,0.9258134920634922,0.0038884639739990234,"['1.0' '1.0' '1.0' '0.0' '0.0' '1.0' '1.0' '1.0' '0.0' '1.0' '0.0' '0.0'
 '1.0' '1.0' '0.0' '1.0' '0.0' '1.0' '0.0' '1.0']"
