,MLA Name,MLA Test Accuracy Mean,Run Time,MLA pred
1,RandomForestClassifier,0.9646176046176047,0.1869046688079834,"['0.0' '0.0' '0.0' '0.0' '0.0' '1.0' '0.0' '1.0' '1.0' '0.0' '1.0' '1.0'
 '0.0' '0.0' '1.0' '0.0' '1.0' '1.0' '0.0' '1.0']"
0,ExtraTreesClassifier,0.9609812409812412,0.3562835693359375,"['0.0' '0.0' '0.0' '0.0' '0.0' '1.0' '0.0' '1.0' '1.0' '0.0' '1.0' '1.0'
 '0.0' '0.0' '1.0' '0.0' '1.0' '1.0' '0.0' '1.0']"
2,SVC,0.9410101010101011,0.0045908927917480465,"['0.0' '0.0' '0.0' '0.0' '0.0' '1.0' '0.0' '1.0' '1.0' '0.0' '1.0' '1.0'
 '0.0' '0.0' '1.0' '0.0' '1.0' '1.0' '0.0' '1.0']"
