,MLA Name,MLA Test Accuracy Mean,Run Time,MLA pred
0,SVC,0.6423214285714286,0.0046956539154052734,"['1.0' '1.0' '0.0' '0.0' '1.0' '1.0' '1.0' '0.0' '0.0' '0.0' '1.0' '1.0'
 '0.0' '0.0' '1.0' '0.0' '1.0' '0.0' '1.0' '1.0']"
