,MLA Name,MLA Test Accuracy Mean,Run Time,MLA pred
0,SVC,0.8352182539682541,0.0035812854766845703,"['0.0' '1.0' '0.0' '0.0' '1.0' '0.0' '1.0' '0.0' '0.0' '0.0' '1.0' '1.0'
 '1.0' '0.0' '1.0' '1.0' '0.0' '0.0' '1.0' '0.0']"
