,MLA Name,MLA Test Accuracy Mean,Run Time,MLA pred
0,SVC,0.7532738095238095,0.004532623291015625,[1. 1. 1. 1. 1. 1. 1. 0. 1. 1. 1. 1. 1. 1. 1. 1. 0. 0. 1. 0.]
