,MLA Name,MLA Test Accuracy Mean,Run Time,MLA pred
0,SVC,0.9866666666666667,0.0034726619720458984,"['0.0' '1.0' '1.0' '0.0' '1.0' '1.0' '1.0' '1.0' '0.0' '0.0' '1.0' '0.0'
 '1.0' '0.0' '1.0' '1.0' '0.0' '1.0' '1.0' '0.0']"
