,MLA Name,MLA Test Accuracy Mean,Run Time,MLA pred
0,SVC,0.7643009768009768,0.0037212371826171875,"['0.0' '0.0' '1.0' '1.0' '1.0' '0.0' '1.0' '1.0' '0.0' '0.0' '1.0' '1.0'
 '0.0' '0.0' '0.0' '1.0' '0.0' '0.0' '0.0' '0.0']"
