,MLA Name,MLA Test Accuracy Mean,Run Time,MLA pred
0,SVC,0.9086904761904762,0.0054490089416503905,"['0.0' '0.0' '0.0' '0.0' '0.0' '0.0' '1.0' '1.0' '1.0' '1.0' '0.0' '0.0'
 '1.0' '1.0' '1.0' '1.0' '0.0' '1.0' '0.0' '0.0']"
