,MLA Name,MLA Test Accuracy Mean,Run Time,MLA pred
0,SVC,0.9327561327561327,0.0041640281677246095,"['0.0' '1.0' '0.0' '0.0' '1.0' '1.0' '1.0' '0.0' '0.0' '1.0' '1.0' '1.0'
 '1.0' '1.0' '0.0' '1.0' '1.0' '1.0' '1.0' '0.0']"
